momentum_window,top_n,holding_months,years,avg_strategy_yearly_return,avg_qqq_yearly_return,avg_excess_return,beat_rate_vs_qqq,best_excess,worst_excess
3,1,1,11,0.14877453094213852,0.21944638862033947,-0.07067185767820094,0.2727272727272727,1.4386743988998565,-0.6568957423299344
3,1,2,11,0.5413713450291202,0.21944638862033947,0.32192495640878066,0.2727272727272727,2.893577530028821,-0.6637933267649677
3,1,3,11,0.9462509366424586,0.22205174511640893,0.7241991915260496,0.6363636363636364,7.041492664673022,-0.4624101367525639
3,2,1,11,0.3686538685290531,0.21944638862033947,0.1492074799087135,0.5454545454545454,1.738473814412457,-0.308812400857842
3,2,2,11,0.453801241795308,0.21944638862033947,0.23435485317496846,0.45454545454545453,1.458313347185351,-0.330861274781055
3,2,3,11,0.5123863916838656,0.22205174511640893,0.29033464656745667,0.6363636363636364,1.8867422872367285,-0.3163646813787714
3,3,1,11,0.40794520159482506,0.21944638862033947,0.18849881297448556,0.36363636363636365,1.8973545419257611,-0.26739995114302917
3,3,2,11,0.4062125890278694,0.21944638862033947,0.18676620040753003,0.45454545454545453,1.3906096798581822,-0.16584802218821793
3,3,3,11,0.40893144785650537,0.22205174511640893,0.1868797027400964,0.7272727272727273,0.9819918594940737,-0.325279182668192
4,1,1,11,0.8766935614495012,0.21944638862033947,0.6572471728291618,0.9090909090909091,3.3427424354302895,-0.1327461121488277
4,1,2,11,1.2239684362179561,0.21944638862033947,1.0045220475976167,0.8181818181818182,6.849819090344628,-0.10413187950467784
4,1,3,11,1.2138615170407048,0.22205174511640893,0.9918097719242958,0.8181818181818182,6.458918004180886,-0.3020353134505127
4,2,1,11,0.5528304023898675,0.21944638862033947,0.333384013769528,0.5454545454545454,2.026669052642139,-0.22350245444590744
4,2,2,11,0.6838848336292332,0.21944638862033947,0.46443844500889386,0.6363636363636364,3.1189282697927134,-0.278773789373979
4,2,3,11,0.6155977757035213,0.22205174511640893,0.3935460305871123,0.8181818181818182,1.5057282397572695,-0.3541544144333584
4,3,1,11,0.46598252535834883,0.21944638862033947,0.2465361367380094,0.7272727272727273,0.9579167032706173,-0.2431968114010119
4,3,2,11,0.5955796222367151,0.21944638862033947,0.37613323361637574,0.7272727272727273,2.1041006324741853,-0.31169325316102436
4,3,3,11,0.6146451118221776,0.22205174511640893,0.3925933667057688,0.7272727272727273,1.6983220569638051,-0.32862758373573775
5,1,1,11,0.6216629648762484,0.21944638862033947,0.4022165762559089,0.7272727272727273,1.6971194972254424,-0.43097685339990466
5,1,2,11,1.0135287795197268,0.21944638862033947,0.7940823908993874,0.7272727272727273,5.6215605709110985,-0.6220761608560165
5,1,3,11,0.5810016841550399,0.22205174511640893,0.3589499390386312,0.8181818181818182,2.175888809124377,-0.41385819856635164
5,2,1,11,0.6417445751369326,0.21944638862033947,0.42229818651659307,0.7272727272727273,1.6331668374669426,-0.15406840240468922
5,2,2,11,0.763071362564204,0.21944638862033947,0.5436249739438647,0.6363636363636364,3.306076245630178,-0.28881056792241666
5,2,3,11,0.714338439722697,0.22205174511640893,0.49228669460628804,0.7272727272727273,1.847625152636633,-0.3336845795396155
5,3,1,11,0.49105080179866484,0.21944638862033947,0.27160441317832534,0.7272727272727273,1.1548686917151292,-0.17569728452560618
5,3,2,11,0.4618283681678326,0.21944638862033947,0.2423819795474932,0.5454545454545454,1.4762053378945428,-0.19899461208128022
5,3,3,11,0.5735403335124993,0.22205174511640893,0.35148858839609043,0.6363636363636364,1.6983220569638051,-0.2396098513805277
6,1,1,11,0.5330044913975311,0.21944638862033947,0.3135581027771916,0.6363636363636364,1.2013837957384514,-0.36291682051695384
6,1,2,11,0.7874305436576882,0.21944638862033947,0.5679841550373487,0.6363636363636364,2.175888809124377,-0.5060687920361879
6,1,3,11,1.180379144464698,0.22205174511640893,0.958327399348289,0.8181818181818182,6.458918004180886,-0.5617459231603598
6,2,1,11,0.6158629789855573,0.21944638862033947,0.39641659036521787,0.6363636363636364,2.1549964851228824,-0.4798933355010466
6,2,2,11,0.7671494091240874,0.21944638862033947,0.5477030205037479,0.6363636363636364,3.068415372600278,-0.4132953367577902
6,2,3,11,0.7936995413328229,0.22205174511640893,0.571647796216414,0.9090909090909091,2.6512696923651204,-0.2596034202211762
6,3,1,11,0.5463636722658903,0.21944638862033947,0.3269172836455509,0.7272727272727273,1.837174766175286,-0.48834388867769274
6,3,2,11,0.6307822436102996,0.21944638862033947,0.41133585498996017,0.7272727272727273,2.385170444037383,-0.3015263193740575
6,3,3,11,0.6580620102516295,0.22205174511640893,0.43601026513522056,0.8181818181818182,1.8490652877066052,-0.11577732729576429
7,1,1,11,1.339840874718144,0.21944638862033947,1.1203944860978046,0.7272727272727273,8.516760552220585,-0.5660799525921091
7,1,2,11,1.2397969320951052,0.21944638862033947,1.0203505434747655,0.5454545454545454,8.516760552220582,-0.3966347802301289
7,1,3,11,0.735424342391001,0.22205174511640893,0.5133725972745921,0.5454545454545454,2.4425371879387194,-0.4880399835290441
7,2,1,11,0.5657354996985234,0.21944638862033947,0.34628911107818383,0.8181818181818182,1.6488336720744674,-0.2699614649494093
7,2,2,11,0.6974691466363722,0.21944638862033947,0.4780227580160327,0.7272727272727273,2.7523566685852487,-0.25720562782903
7,2,3,11,0.6277437784872195,0.22205174511640893,0.4056920333708106,0.7272727272727273,2.1302552228978158,-0.29546728930309285
7,3,1,11,0.5526217545017077,0.21944638862033947,0.3331753658813682,0.6363636363636364,1.5780300672883074,-0.34824487801531956
7,3,2,11,0.6488963175681485,0.21944638862033947,0.429449928947809,0.6363636363636364,1.9039569070345834,-0.29416031353975614
7,3,3,11,0.5466581717005551,0.22205174511640893,0.3246064265841462,0.5454545454545454,1.6983220569638051,-0.22462672493485925
