momentum_window,top_n,holding_months,trades,avg_return,median_return,win_rate,best_return,worst_return,avg_available_universe_size
3,1,1,128,0.013230870980347824,-0.008888620165112715,0.4765625,0.8128573411078648,-0.35241120487373445,89.875
3,1,2,127,0.06280472984273153,0.008918071036930542,0.5196850393700787,1.1214598983019939,-0.4152867946929496,89.79527559055119
3,1,3,126,0.1258204938080465,0.03432687364009168,0.5158730158730159,1.5103229355775212,-0.5065620428402198,89.71428571428571
3,2,1,128,0.025620069043963224,0.0032067370451377974,0.515625,0.5836949570506007,-0.24591729456506517,89.875
3,2,2,127,0.06422009779123843,0.018995507985432314,0.5511811023622047,1.0059249605010547,-0.3420228532370777,89.79527559055119
3,2,3,126,0.10147840182399302,0.04753575151194295,0.6587301587301587,1.2668274141048659,-0.28367720723578427,89.71428571428571
3,3,1,128,0.02814806795171205,0.007216112438174216,0.5390625,0.5097421308249312,-0.27245778687361827,89.875
3,3,2,127,0.0629594472898043,0.03371550724196518,0.6141732283464567,1.21613369025308,-0.3140733657783322,89.79527559055119
3,3,3,126,0.09201926247310313,0.04755197762584169,0.6984126984126984,1.1170130559579075,-0.2918788336803182,89.71428571428571
4,1,1,128,0.06004339931453688,0.023359545792866476,0.5625,0.8128573411078648,-0.35241120487373445,89.875
4,1,2,127,0.1307206540360816,0.09629956239056581,0.6456692913385826,1.3292620693396717,-0.4152867946929496,89.79527559055119
4,1,3,126,0.18375586643172623,0.15152020763402763,0.6904761904761905,1.5103229355775212,-0.42565732219956165,89.71428571428571
4,2,1,128,0.037734418185146855,0.020802666190774033,0.59375,0.5836949570506007,-0.31052896839608607,89.875
4,2,2,127,0.086704870842237,0.06470051038240865,0.6535433070866141,1.0059249605010547,-0.3420228532370777,89.79527559055119
4,2,3,126,0.12619888697965112,0.06490008793785543,0.746031746031746,1.2668274141048659,-0.2765723386079091,89.71428571428571
4,3,1,128,0.035075720340111055,0.016254765678803944,0.5703125,0.5471291894680704,-0.3028622086542851,89.875
4,3,2,127,0.08014537521476918,0.049880568978714734,0.6535433070866141,1.2756187472019558,-0.2735175545647269,89.79527559055119
4,3,3,126,0.1208838980237047,0.0716789466440079,0.7301587301587301,1.3270163630382952,-0.3310735342848313,89.71428571428571
5,1,1,128,0.04629677647624001,0.024658888995253148,0.5625,0.8128573411078648,-0.41011952536559404,89.875
5,1,2,127,0.111728114943685,0.07326630782183541,0.6299212598425197,1.3292620693396717,-0.4006435912172921,89.79527559055119
5,1,3,126,0.16823943649593043,0.10987923240988651,0.6428571428571429,1.5103229355775212,-0.4837556171107027,89.71428571428571
5,2,1,128,0.04503226124887379,0.022585151051550317,0.625,0.5836949570506007,-0.2784487430528717,89.875
5,2,2,127,0.0944679705212449,0.05566527296542656,0.7165354330708661,1.0059249605010547,-0.3420228532370777,89.79527559055119
5,2,3,126,0.14777318726406266,0.09499708384135377,0.7222222222222222,1.4433400889780097,-0.3585754506172098,89.71428571428571
5,3,1,128,0.03580274938542741,0.01703801967309763,0.625,0.5471291894680704,-0.27800072547503113,89.875
5,3,2,127,0.07507453819817263,0.04160726935836667,0.6929133858267716,1.2756187472019558,-0.2965274187805371,89.79527559055119
5,3,3,126,0.12093510023268043,0.07730153373221997,0.746031746031746,1.3270163630382952,-0.3310735342848313,89.71428571428571
6,1,1,128,0.04426475749350208,0.017171873676716243,0.5625,0.8128573411078648,-0.41011952536559404,89.875
6,1,2,127,0.11081896119680856,0.07017796169162405,0.6220472440944882,1.3292620693396717,-0.4006435912172921,89.79527559055119
6,1,3,126,0.1696601407647672,0.08178750575640414,0.6190476190476191,1.6447501455040907,-0.4876768436876804,89.71428571428571
6,2,1,128,0.038725112627486145,0.017737534307861735,0.6015625,0.46168218191314203,-0.28125549466784133,89.875
6,2,2,127,0.09545061379640533,0.0557177838984253,0.6614173228346457,1.324777155968083,-0.33450250298786166,89.79527559055119
6,2,3,126,0.14996825204890152,0.10943744689913196,0.6984126984126984,1.4433400889780097,-0.3818732726538773,89.71428571428571
6,3,1,128,0.03682884862297789,0.02027947412958055,0.5859375,0.5471291894680704,-0.28202945326309564,89.875
6,3,2,127,0.08766257583632439,0.07206831322032936,0.6771653543307087,1.2756187472019558,-0.30378353396489605,89.79527559055119
6,3,3,126,0.1288235851696216,0.08609295524668426,0.7301587301587301,1.3270163630382952,-0.3310735342848313,89.71428571428571
7,1,1,128,0.062120328903399455,0.03753329935953287,0.609375,0.8128573411078648,-0.36619556550700005,89.875
7,1,2,127,0.12725420447227145,0.07701410422621358,0.6220472440944882,1.3292620693396717,-0.4006435912172921,89.79527559055119
7,1,3,126,0.16860570567259758,0.0802490616512247,0.6111111111111112,1.6447501455040907,-0.612489592772095,89.71428571428571
7,2,1,128,0.04013632045037292,0.027676793443726005,0.625,0.46168218191314203,-0.28125549466784133,89.875
7,2,2,127,0.08791168144326786,0.05143106571036288,0.6456692913385826,1.324777155968083,-0.33450250298786166,89.79527559055119
7,2,3,126,0.1303367676102685,0.08512598881061179,0.6825396825396826,1.4433400889780097,-0.3818732726538773,89.71428571428571
7,3,1,128,0.03766784419580691,0.02486027044556771,0.6328125,0.5471291894680704,-0.22462235705483583,89.875
7,3,2,127,0.08107195070001658,0.059179025431165634,0.6456692913385826,1.2756187472019558,-0.2965274187805371,89.79527559055119
7,3,3,126,0.11761281978023316,0.08282015213836663,0.753968253968254,1.3270163630382952,-0.3361286256885001,89.71428571428571
