decision_month,decision_date,sell_date,holding_months,benchmark_ticker,benchmark_return
2016-01,2016-01-04,2016-02-01,1,QQQ,-0.04648419386624436
2016-01,2016-01-04,2016-03-01,2,QQQ,-0.03388116966058763
2016-01,2016-01-04,2016-04-01,3,QQQ,0.01084330022923563
2016-02,2016-02-01,2016-03-01,1,QQQ,0.013217425578668118
2016-02,2016-02-01,2016-04-01,2,QQQ,0.060122227368130554
2016-02,2016-02-01,2016-05-02,3,QQQ,0.025156371017805768
2016-03,2016-03-01,2016-04-01,1,QQQ,0.04629292845281863
2016-03,2016-03-01,2016-05-02,2,QQQ,0.01178320184566406
2016-03,2016-03-01,2016-06-01,3,QQQ,0.046198320506669166
2016-04,2016-04-01,2016-05-02,1,QQQ,-0.03298285371973686
2016-04,2016-04-01,2016-06-01,2,QQQ,-9.042204489451144e-05
2016-04,2016-04-01,2016-07-01,3,QQQ,-0.018050798153010805
2016-05,2016-05-02,2016-06-01,1,QQQ,0.03401432105042468
2016-05,2016-05-02,2016-07-01,2,QQQ,0.01544135553765913
2016-05,2016-05-02,2016-08-01,3,QQQ,0.08834846541114683
2016-06,2016-06-01,2016-07-01,1,QQQ,-0.017962000268910927
2016-06,2016-06-01,2016-08-01,2,QQQ,0.05254680061444961
2016-06,2016-06-01,2016-09-01,3,QQQ,0.06072426576014345
2016-07,2016-07-01,2016-08-01,1,QQQ,0.07179844456392503
2016-07,2016-07-01,2016-09-01,2,QQQ,0.08012547992094077
2016-07,2016-07-01,2016-10-03,3,QQQ,0.09962075833188178
2016-08,2016-08-01,2016-09-01,1,QQQ,0.0077692176166608284
2016-08,2016-08-01,2016-10-03,2,QQQ,0.02595853157752681
2016-08,2016-08-01,2016-11-01,3,QQQ,0.004841797954133975
2016-09,2016-09-01,2016-10-03,1,QQQ,0.01804908667867733
2016-09,2016-09-01,2016-11-01,2,QQQ,-0.0029048512410907446
2016-09,2016-09-01,2016-12-01,3,QQQ,-0.008400392585741101
2016-10,2016-10-03,2016-11-01,1,QQQ,-0.0205824436109745
2016-10,2016-10-03,2016-12-01,2,QQQ,-0.0259805539934308
2016-10,2016-10-03,2017-01-03,3,QQQ,0.011332760638481876
2016-11,2016-11-01,2016-12-01,1,QQQ,-0.005511551582103924
2016-11,2016-11-01,2017-01-03,2,QQQ,0.03258590173441789
2016-11,2016-11-01,2017-02-01,3,QQQ,0.08346332021464309
2016-12,2016-12-01,2017-01-03,1,QQQ,0.03830859310344925
2016-12,2016-12-01,2017-02-01,2,QQQ,0.08946797917893834
2016-12,2016-12-01,2017-03-01,3,QQQ,0.14167024249830118
2017-01,2017-01-03,2017-02-01,1,QQQ,0.04927185079204288
2017-01,2017-01-03,2017-03-01,2,QQQ,0.0995481016736166
2017-01,2017-01-03,2017-04-03,3,QQQ,0.10904461940148247
2017-02,2017-02-01,2017-03-01,1,QQQ,0.04791537183011507
2017-02,2017-02-01,2017-04-03,2,QQQ,0.05696595078226885
2017-02,2017-02-01,2017-05-01,3,QQQ,0.09611259268066052
2017-03,2017-03-01,2017-04-03,1,QQQ,0.008636746053593436
2017-03,2017-03-01,2017-05-01,2,QQQ,0.045993428616637466
2017-03,2017-03-01,2017-06-01,3,QQQ,0.08136792036555995
2017-04,2017-04-03,2017-05-01,1,QQQ,0.03703680508290641
2017-04,2017-04-03,2017-06-01,2,QQQ,0.07210839243814515
2017-04,2017-04-03,2017-07-03,3,QQQ,0.03220686515322746
2017-05,2017-05-01,2017-06-01,1,QQQ,0.03381903822828658
2017-05,2017-05-01,2017-07-03,2,QQQ,-0.004657443116778182
2017-05,2017-05-01,2017-08-01,3,QQQ,0.049205936262467054
2017-06,2017-06-01,2017-07-03,1,QQQ,-0.03721781077953834
2017-06,2017-06-01,2017-08-01,2,QQQ,0.014883550665259593
2017-06,2017-06-01,2017-09-01,3,QQQ,0.03213315315435006
2017-07,2017-07-03,2017-08-01,1,QQQ,0.054115418864346454
2017-07,2017-07-03,2017-09-01,2,QQQ,0.0720318309897694
2017-07,2017-07-03,2017-10-02,3,QQQ,0.07128721234360946
2017-08,2017-08-01,2017-09-01,1,QQQ,0.01699663225183179
2017-08,2017-08-01,2017-10-02,2,QQQ,0.01629024030192361
2017-08,2017-08-01,2017-11-01,3,QQQ,0.06180698198299872
2017-09,2017-09-01,2017-10-02,1,QQQ,-0.0006945863216322179
2017-09,2017-09-01,2017-11-01,2,QQQ,0.04406145341105816
2017-09,2017-09-01,2017-12-01,3,QQQ,0.06046685211903213
2017-10,2017-10-02,2017-11-01,1,QQQ,0.0447871482732658
2017-10,2017-10-02,2017-12-01,2,QQQ,0.06120394986707178
2017-10,2017-10-02,2018-01-02,3,QQQ,0.0909572164364576
2017-11,2017-11-01,2017-12-01,1,QQQ,0.015713058512385247
2017-11,2017-11-01,2018-01-02,2,QQQ,0.04419088446818842
2017-11,2017-11-01,2018-02-01,3,QQQ,0.10658277355343149
2017-12,2017-12-01,2018-01-02,1,QQQ,0.028037274619183927
2017-12,2017-12-01,2018-02-01,2,QQQ,0.08946396256255107
2017-12,2017-12-01,2018-03-01,3,QQQ,0.06689100755934008
2018-01,2018-01-02,2018-02-01,1,QQQ,0.05975142094543351
2018-01,2018-01-02,2018-03-01,2,QQQ,0.03779408966912068
2018-01,2018-01-02,2018-04-02,3,QQQ,-0.01721085387834609
2018-02,2018-02-01,2018-03-01,1,QQQ,-0.020719322326290368
2018-02,2018-02-01,2018-04-02,2,QQQ,-0.07262295034727995
2018-02,2018-02-01,2018-05-01,3,QQQ,-0.029268719064904025
2018-03,2018-03-01,2018-04-02,1,QQQ,-0.05300178917477172
2018-03,2018-03-01,2018-05-01,2,QQQ,-0.008730282270985712
2018-03,2018-03-01,2018-06-01,3,QQQ,0.05192255612762198
2018-04,2018-04-02,2018-05-01,1,QQQ,0.04674930363934604
2018-04,2018-04-02,2018-06-01,2,QQQ,0.1107967724785468
2018-04,2018-04-02,2018-07-02,3,QQQ,0.11356067149333104
2018-05,2018-05-01,2018-06-01,1,QQQ,0.06118701834003626
2018-05,2018-05-01,2018-07-02,2,QQQ,0.06382747771762975
2018-05,2018-05-01,2018-08-01,3,QQQ,0.09042343924459817
2018-06,2018-06-01,2018-07-02,1,QQQ,0.002488213040642062
2018-06,2018-06-01,2018-08-01,2,QQQ,0.02755067711843573
2018-06,2018-06-01,2018-09-04,3,QQQ,0.07819711831641829
2018-07,2018-07-02,2018-08-01,1,QQQ,0.025000258109546092
2018-07,2018-07-02,2018-09-04,2,QQQ,0.07552099295626014
2018-07,2018-07-02,2018-10-01,3,QQQ,0.07931180833036233
2018-08,2018-08-01,2018-09-04,1,QQQ,0.04928850939012608
2018-08,2018-08-01,2018-10-01,2,QQQ,0.05298686492136628
2018-08,2018-08-01,2018-11-01,3,QQQ,-0.026820064876393768
2018-09,2018-09-04,2018-10-01,1,QQQ,0.0035246316891337504
2018-09,2018-09-04,2018-11-01,2,QQQ,-0.07253350588081464
2018-09,2018-09-04,2018-12-03,3,QQQ,-0.07107819863612075
2018-10,2018-10-01,2018-11-01,1,QQQ,-0.07579100220183643
2018-10,2018-10-01,2018-12-03,2,QQQ,-0.07434080636335039
2018-10,2018-10-01,2019-01-02,3,QQQ,-0.16569211346136448
2018-11,2018-11-01,2018-12-03,1,QQQ,0.0015691210991679583
2018-11,2018-11-01,2019-01-02,2,QQQ,-0.09727357283223659
2018-11,2018-11-01,2019-02-01,3,QQQ,-0.024008447965984336
2018-12,2018-12-03,2019-01-02,1,QQQ,-0.09868784075823944
2018-12,2018-12-03,2019-02-01,2,QQQ,-0.025537497638787432
2018-12,2018-12-03,2019-03-01,3,QQQ,0.014848850274496561
2019-01,2019-01-02,2019-02-01,1,QQQ,0.08115983166252927
2019-01,2019-01-02,2019-03-01,2,QQQ,0.1259682229608996
2019-01,2019-01-02,2019-04-01,3,QQQ,0.17750073414977607
2019-02,2019-02-01,2019-03-01,1,QQQ,0.041444742938208545
2019-02,2019-02-01,2019-04-01,2,QQQ,0.08910884373044148
2019-02,2019-02-01,2019-05-01,3,QQQ,0.1303302179221031
2019-03,2019-03-01,2019-04-01,1,QQQ,0.04576728733370827
2019-03,2019-03-01,2019-05-01,2,QQQ,0.08534823915201084
2019-03,2019-03-01,2019-06-03,3,QQQ,-0.02270980319882976
2019-04,2019-04-01,2019-05-01,1,QQQ,0.03784871863722006
2019-04,2019-04-01,2019-06-03,2,QQQ,-0.06548023767995981
2019-04,2019-04-01,2019-07-01,3,QQQ,0.041959967539493714
2019-05,2019-05-01,2019-06-03,1,QQQ,-0.09956071097997721
2019-05,2019-05-01,2019-07-01,2,QQQ,0.003961318088509191
2019-05,2019-05-01,2019-08-01,3,QQQ,0.008682662896284832
2019-06,2019-06-03,2019-07-01,1,QQQ,0.11496836081103567
2019-06,2019-06-03,2019-08-01,2,QQQ,0.12021174019857228
2019-06,2019-06-03,2019-09-03,3,QQQ,0.09370141151371358
2019-07,2019-07-01,2019-08-01,1,QQQ,0.004702715854396633
2019-07,2019-07-01,2019-09-03,2,QQQ,-0.019074038371682867
2019-07,2019-07-01,2019-10-01,3,QQQ,-0.008519089444966932
2019-08,2019-08-01,2019-09-03,1,QQQ,-0.02366546228140698
2019-08,2019-08-01,2019-10-01,2,QQQ,-0.013159917944602806
2019-08,2019-08-01,2019-11-01,3,QQQ,0.04796751503219121
2019-09,2019-09-03,2019-10-01,1,QQQ,0.010760189188177893
2019-09,2019-09-03,2019-11-01,2,QQQ,0.07336929561150574
2019-09,2019-09-03,2019-12-02,3,QQQ,0.09566064979966482
2019-10,2019-10-01,2019-11-01,1,QQQ,0.06194259241018818
2019-10,2019-10-01,2019-12-02,2,QQQ,0.08399664086461223
2019-10,2019-10-01,2020-01-02,3,QQQ,0.1567718505133806
2019-11,2019-11-01,2019-12-02,1,QQQ,0.020767646586592026
2019-11,2019-11-01,2020-01-02,2,QQQ,0.08929791382410568
2019-11,2019-11-01,2020-02-03,3,QQQ,0.12064260588719566
2019-12,2019-12-02,2020-01-02,1,QQQ,0.0671360103023213
2019-12,2019-12-02,2020-02-03,2,QQQ,0.09784299064981306
2019-12,2019-12-02,2020-03-02,3,QQQ,0.06841941382831274
2020-01,2020-01-02,2020-02-03,1,QQQ,0.028775132739445652
2020-01,2020-01-02,2020-03-02,2,QQQ,0.001202661622887069
2020-01,2020-01-02,2020-04-01,3,QQQ,-0.15479959542298583
2020-02,2020-02-03,2020-03-02,1,QQQ,-0.026801261266043763
2020-02,2020-02-03,2020-04-01,2,QQQ,-0.1784400908618432
2020-02,2020-02-03,2020-05-01,3,QQQ,-0.041310729751659725
2020-03,2020-03-02,2020-04-01,1,QQQ,-0.1558148644880777
2020-03,2020-03-02,2020-05-01,2,QQQ,-0.014909049825209908
2020-03,2020-03-02,2020-06-01,3,QQQ,0.08381303685523389
2020-04,2020-04-01,2020-05-01,1,QQQ,0.1669134041046827
2020-04,2020-04-01,2020-06-01,2,QQQ,0.28385704896118424
2020-04,2020-04-01,2020-07-01,3,QQQ,0.37636760803816904
2020-05,2020-05-01,2020-06-01,1,QQQ,0.10021621522655044
2020-05,2020-05-01,2020-07-01,2,QQQ,0.1794942137066209
2020-05,2020-05-01,2020-08-03,3,QQQ,0.2684424681506583
2020-06,2020-06-01,2020-07-01,1,QQQ,0.07205674428616371
2020-06,2020-06-01,2020-08-03,2,QQQ,0.15290290271668794
2020-06,2020-06-01,2020-09-01,3,QQQ,0.28360934009954497
2020-07,2020-07-01,2020-08-03,1,QQQ,0.07541220076401478
2020-07,2020-07-01,2020-09-01,2,QQQ,0.19733339390933535
2020-07,2020-07-01,2020-10-01,3,QQQ,0.12679150371091108
2020-08,2020-08-03,2020-09-01,1,QQQ,0.11337159189630075
2020-08,2020-08-03,2020-10-01,2,QQQ,0.047776380917377015
2020-08,2020-08-03,2020-11-02,3,QQQ,0.002227427101665569
2020-09,2020-09-01,2020-10-01,1,QQQ,-0.058915829590372115
2020-09,2020-09-01,2020-11-02,2,QQQ,-0.09982665769775367
2020-09,2020-09-01,2020-12-01,3,QQQ,0.01180331856807415
2020-10,2020-10-01,2020-11-02,1,QQQ,-0.04347201811881951
2020-10,2020-10-01,2020-12-01,2,QQQ,0.07514646445244533
2020-10,2020-10-01,2021-01-04,3,QQQ,0.09785860452968254
2020-11,2020-11-02,2020-12-01,1,QQQ,0.12400942243004831
2020-11,2020-11-02,2021-01-04,2,QQQ,0.14775377754297425
2020-11,2020-11-02,2021-02-01,3,QQQ,0.19640120592866528
2020-12,2020-12-01,2021-01-04,1,QQQ,0.021124694009763578
2020-12,2020-12-01,2021-02-01,2,QQQ,0.06440496143004726
2020-12,2020-12-01,2021-03-01,3,QQQ,0.06826763404322955
2021-01,2021-01-04,2021-02-01,1,QQQ,0.04238489939003465
2021-01,2021-01-04,2021-03-01,2,QQQ,0.046167662294351874
2021-01,2021-01-04,2021-04-01,3,QQQ,0.05066107046273238
2021-02,2021-02-01,2021-03-01,1,QQQ,0.0036289502145807617
2021-02,2021-02-01,2021-04-01,2,QQQ,0.007939649814133753
2021-02,2021-02-01,2021-05-03,3,QQQ,0.04402539051585408
2021-03,2021-03-01,2021-04-01,1,QQQ,0.004295112848858418
2021-03,2021-03-01,2021-05-03,2,QQQ,0.04025037369900142
2021-03,2021-03-01,2021-06-01,3,QQQ,0.029822491877306456
2021-04,2021-04-01,2021-05-03,1,QQQ,0.03580148941295702
2021-04,2021-04-01,2021-06-01,2,QQQ,0.025418204969687608
2021-04,2021-04-01,2021-07-01,3,QQQ,0.09369725497446013
2021-05,2021-05-03,2021-06-01,1,QQQ,-0.010024396131303237
2021-05,2021-05-03,2021-07-01,2,QQQ,0.05589465370851654
2021-05,2021-05-03,2021-08-02,3,QQQ,0.08576348642042442
2021-06,2021-06-01,2021-07-01,1,QQQ,0.06658653969069217
2021-06,2021-06-01,2021-08-02,2,QQQ,0.0967578212810507
2021-06,2021-06-01,2021-09-01,3,QQQ,0.1448274732315109
2021-07,2021-07-01,2021-08-02,1,QQQ,0.028287701435936174
2021-07,2021-07-01,2021-09-01,2,QQQ,0.07335638565578417
2021-07,2021-07-01,2021-10-01,3,QQQ,0.016948419740479892
2021-08,2021-08-02,2021-09-01,1,QQQ,0.043828866334696626
2021-08,2021-08-02,2021-10-01,2,QQQ,-0.0110273434950372
2021-08,2021-08-02,2021-11-01,3,QQQ,0.0637948117223015
2021-09,2021-09-01,2021-10-01,1,QQQ,-0.05255287681625065
2021-09,2021-09-01,2021-11-01,2,QQQ,0.01912760418066739
2021-09,2021-09-01,2021-12-01,3,QQQ,0.018312151893310924
2021-10,2021-10-01,2021-11-01,1,QQQ,0.07565644482200407
2021-10,2021-10-01,2021-12-01,2,QQQ,0.07479576113063757
2021-10,2021-10-01,2022-01-03,3,QQQ,0.11664424675423435
2021-11,2021-11-01,2021-12-01,1,QQQ,-0.0008001473848920915
2021-11,2021-11-01,2022-01-03,2,QQQ,0.03810491921425019
2021-11,2021-11-01,2022-02-01,3,QQQ,-0.05534716608719081
2021-12,2021-12-01,2022-01-03,1,QQQ,0.03893622131480501
2021-12,2021-12-01,2022-02-01,2,QQQ,-0.0545906993075892
2021-12,2021-12-01,2022-03-01,3,QQQ,-0.11674384713434571
2022-01,2022-01-03,2022-02-01,1,QQQ,-0.09002181144866905
2022-01,2022-01-03,2022-03-01,2,QQQ,-0.14984564524291277
2022-01,2022-01-03,2022-04-01,3,QQQ,-0.09804472507950712
2022-02,2022-02-01,2022-03-01,1,QQQ,-0.06574205244356701
2022-02,2022-02-01,2022-04-01,2,QQQ,-0.008816599927093272
2022-02,2022-02-01,2022-05-02,3,QQQ,-0.1276161622114862
2022-03,2022-03-01,2022-04-01,1,QQQ,0.06093119428672056
2022-03,2022-03-01,2022-05-02,2,QQQ,-0.06622807965375288
2022-03,2022-03-01,2022-06-01,3,QQQ,-0.10281907412099056
2022-04,2022-04-01,2022-05-02,1,QQQ,-0.11985628721753683
2022-04,2022-04-01,2022-06-01,2,QQQ,-0.1543457947975626
2022-04,2022-04-01,2022-07-01,3,QQQ,-0.21881363277830268
2022-05,2022-05-02,2022-06-01,1,QQQ,-0.03918622274877315
2022-05,2022-05-02,2022-07-01,2,QQQ,-0.11243316758796662
2022-05,2022-05-02,2022-08-01,3,QQQ,-0.008176377493689713
2022-06,2022-06-01,2022-07-01,1,QQQ,-0.0762342782476998
2022-06,2022-06-01,2022-08-01,2,QQQ,0.032274563489086194
2022-06,2022-06-01,2022-09-01,3,QQQ,-0.01968773177502614
2022-07,2022-07-01,2022-08-01,1,QQQ,0.117463594049533
2022-07,2022-07-01,2022-09-01,2,QQQ,0.0612130815651073
2022-07,2022-07-01,2022-10-03,3,QQQ,-0.028739738244869417
2022-08,2022-08-01,2022-09-01,1,QQQ,-0.05033766897101466
2022-08,2022-08-01,2022-10-03,2,QQQ,-0.1308349847573842
2022-08,2022-08-01,2022-11-01,3,QQQ,-0.1258146821213082
2022-09,2022-09-01,2022-10-03,1,QQQ,-0.08476414527166554
2022-09,2022-09-01,2022-11-01,2,QQQ,-0.07947773717476203
2022-09,2022-09-01,2022-12-01,3,QQQ,-0.017208429395189517
2022-10,2022-10-03,2022-11-01,1,QQQ,0.005776006337156359
2022-10,2022-10-03,2022-12-01,2,QQQ,0.07381235724919044
2022-10,2022-10-03,2023-01-03,3,QQQ,-0.030771285343052623
2022-11,2022-11-01,2022-12-01,1,QQQ,0.06764562932835272
2022-11,2022-11-01,2023-01-03,2,QQQ,-0.036337406589472376
2022-11,2022-11-01,2023-02-01,3,QQQ,0.09643556864352654
2022-12,2022-12-01,2023-01-03,1,QQQ,-0.09739470950041718
2022-12,2022-12-01,2023-02-01,2,QQQ,0.02696581948570831
2022-12,2022-12-01,2023-03-01,3,QQQ,-0.006205818438851152
2023-01,2023-01-03,2023-02-01,1,QQQ,0.1377795258847787
2023-01,2023-01-03,2023-03-01,2,QQQ,0.10102853597400685
2023-01,2023-01-03,2023-04-03,3,QQQ,0.21236246917468415
2023-02,2023-02-01,2023-03-01,1,QQQ,-0.032300625098867886
2023-02,2023-02-01,2023-04-03,2,QQQ,0.06555131428640104
2023-02,2023-02-01,2023-05-01,3,QQQ,0.07234078656936105
2023-03,2023-03-01,2023-04-03,1,QQQ,0.10111811779899749
2023-03,2023-03-01,2023-05-01,2,QQQ,0.10813421438752102
2023-03,2023-03-01,2023-06-01,3,QQQ,0.21069678802607883
2023-04,2023-04-03,2023-05-01,1,QQQ,0.006371792884988459
2023-04,2023-04-03,2023-06-01,2,QQQ,0.09951581801788523
2023-04,2023-04-03,2023-07-03,3,QQQ,0.15820059534492303
2023-05,2023-05-01,2023-06-01,1,QQQ,0.09255428837674273
2023-05,2023-05-01,2023-07-03,2,QQQ,0.15086750595888976
2023-05,2023-05-01,2023-08-01,3,QQQ,0.18971764141476943
2023-06,2023-06-01,2023-07-03,1,QQQ,0.05337329064790519
2023-06,2023-06-01,2023-08-01,2,QQQ,0.08893228837386813
2023-06,2023-06-01,2023-09-01,3,QQQ,0.07413990589422847
2023-07,2023-07-03,2023-08-01,1,QQQ,0.03375726159155912
2023-07,2023-07-03,2023-09-01,2,QQQ,0.01971439320770152
2023-07,2023-07-03,2023-10-02,3,QQQ,-0.022974187406016755
2023-08,2023-08-01,2023-09-01,1,QQQ,-0.013584299627784402
2023-08,2023-08-01,2023-10-02,2,QQQ,-0.05487888801886909
2023-08,2023-08-01,2023-11-01,3,QQQ,-0.06612834427904501
2023-09,2023-09-01,2023-10-02,1,QQQ,-0.04186327161611736
2023-09,2023-09-01,2023-11-01,2,QQQ,-0.05326764834687203
2023-09,2023-09-01,2023-12-01,3,QQQ,0.03420226409875626
2023-10,2023-10-02,2023-11-01,1,QQQ,-0.011902661063824094
2023-10,2023-10-02,2023-12-01,2,QQQ,0.07938901981471447
2023-10,2023-10-02,2024-01-02,3,QQQ,0.11721843095779594
2023-11,2023-11-01,2023-12-01,1,QQQ,0.09239138421000792
2023-11,2023-11-01,2024-01-02,2,QQQ,0.1306764899909929
2023-11,2023-11-01,2024-02-01,3,QQQ,0.18485276360556413
2023-12,2023-12-01,2024-01-02,1,QQQ,0.0350470594462553
2023-12,2023-12-01,2024-02-01,2,QQQ,0.08464125654233556
2023-12,2023-12-01,2024-03-01,3,QQQ,0.14565030945132929
2024-01,2024-01-02,2024-02-01,1,QQQ,0.04791492004490405
2024-01,2024-01-02,2024-03-01,2,QQQ,0.10685818484837428
2024-01,2024-01-02,2024-04-01,3,QQQ,0.10668031204104311
2024-02,2024-02-01,2024-03-01,1,QQQ,0.05624813968766129
2024-02,2024-02-01,2024-04-01,2,QQQ,0.056078399946458246
2024-02,2024-02-01,2024-05-01,3,QQQ,0.00046783002601347157
2024-03,2024-03-01,2024-04-01,1,QQQ,-0.00016070062973383425
2024-03,2024-03-01,2024-05-01,2,QQQ,-0.05280985363736812
2024-03,2024-03-01,2024-06-03,3,QQQ,0.018220380522138813
2024-04,2024-04-01,2024-05-01,1,QQQ,-0.052657615119544254
2024-04,2024-04-01,2024-06-03,2,QQQ,0.018384035477950977
2024-04,2024-04-01,2024-07-01,3,QQQ,0.08480936924767102
2024-05,2024-05-01,2024-06-03,1,QQQ,0.07499046989907443
2024-05,2024-05-01,2024-07-01,2,QQQ,0.14510802700394532
2024-05,2024-05-01,2024-08-01,3,QQQ,0.09221528837238191
2024-06,2024-06-03,2024-07-01,1,QQQ,0.06522621276024321
2024-06,2024-06-03,2024-08-01,2,QQQ,0.016023229001206563
2024-06,2024-06-03,2024-09-03,3,QQQ,0.02077551505843589
2024-07,2024-07-01,2024-08-01,1,QQQ,-0.04619017366418399
2024-07,2024-07-01,2024-09-03,2,QQQ,-0.04172888084177495
2024-07,2024-07-01,2024-10-01,3,QQQ,5.463957927132057e-05
2024-08,2024-08-01,2024-09-03,1,QQQ,0.004677339967808614
2024-08,2024-08-01,2024-10-01,2,QQQ,0.04848431203640535
2024-08,2024-08-01,2024-11-01,3,QQQ,0.06190445713622572
2024-09,2024-09-03,2024-10-01,1,QQQ,0.043603025892870795
2024-09,2024-09-03,2024-11-01,2,QQQ,0.05696069264411885
2024-09,2024-09-03,2024-12-02,3,QQQ,0.11737306840906125
2024-10,2024-10-01,2024-11-01,1,QQQ,0.012799566904110549
2024-10,2024-10-01,2024-12-02,2,QQQ,0.07068783884856544
2024-10,2024-10-01,2025-01-02,3,QQQ,0.06188366094899744
2024-11,2024-11-01,2024-12-02,1,QQQ,0.05715669105330057
2024-11,2024-11-01,2025-01-02,2,QQQ,0.048463778667407365
2024-11,2024-11-01,2025-02-03,3,QQQ,0.0646563383165919
2024-12,2024-12-02,2025-01-02,1,QQQ,-0.00822291762371774
2024-12,2024-12-02,2025-02-03,2,QQQ,0.00709416808951846
2024-12,2024-12-02,2025-03-03,3,QQQ,-0.03384208621724916
2025-01,2025-01-02,2025-02-03,1,QQQ,0.01544408112006046
2025-01,2025-01-02,2025-03-03,2,QQQ,-0.025831579544214
2025-01,2025-01-02,2025-04-01,3,QQQ,-0.07217341370301955
2025-02,2025-02-03,2025-03-03,1,QQQ,-0.0406478913331656
2025-02,2025-02-03,2025-04-01,2,QQQ,-0.08628490376982223
2025-02,2025-02-03,2025-05-01,3,QQQ,-0.06892690384253031
2025-03,2025-03-03,2025-04-01,1,QQQ,-0.047570659431891094
2025-03,2025-03-03,2025-05-01,2,QQQ,-0.02947719846956165
2025-03,2025-03-03,2025-06-02,3,QQQ,0.05420038360029489
2025-04,2025-04-01,2025-05-01,1,QQQ,0.018997168809958165
2025-04,2025-04-01,2025-06-02,2,QQQ,0.10685416618043408
2025-04,2025-04-01,2025-07-01,3,QQQ,0.15846037195345097
2025-05,2025-05-01,2025-06-02,1,QQQ,0.08621907897259451
2025-05,2025-05-01,2025-07-01,2,QQQ,0.1368631900188355
2025-05,2025-05-01,2025-08-01,3,QQQ,0.15118351740258107
2025-06,2025-06-02,2025-07-01,1,QQQ,0.04662421423691354
2025-06,2025-06-02,2025-08-01,2,QQQ,0.05980785983931858
2025-06,2025-06-02,2025-09-02,3,QQQ,0.08227135692087062
2025-07,2025-07-01,2025-08-01,1,QQQ,0.012596350651047361
2025-07,2025-07-01,2025-09-02,2,QQQ,0.03405916106187856
2025-07,2025-07-01,2025-10-01,3,QQQ,0.10413233121323362
2025-08,2025-08-01,2025-09-02,1,QQQ,0.02119582042442847
2025-08,2025-08-01,2025-10-01,2,QQQ,0.0903973044178299
2025-08,2025-08-01,2025-11-03,3,QQQ,0.14250876730364093
2025-09,2025-09-02,2025-10-01,1,QQQ,0.06776514612509854
2025-09,2025-09-02,2025-11-03,2,QQQ,0.11879498961207302
2025-09,2025-09-02,2025-12-01,3,QQQ,0.09240397829221192
2025-10,2025-10-01,2025-11-03,1,QQQ,0.04779126165726688
2025-10,2025-10-01,2025-12-01,2,QQQ,0.023075141810469546
2025-10,2025-10-01,2026-01-02,3,QQQ,0.017670984259500422
2025-11,2025-11-03,2025-12-01,1,QQQ,-0.02358878218520777
2025-11,2025-11-03,2026-01-02,2,QQQ,-0.02874644836236362
2025-11,2025-11-03,2026-02-02,3,QQQ,-0.008121216554553223
2025-12,2025-12-01,2026-01-02,1,QQQ,-0.005282268457237449
2025-12,2025-12-01,2026-02-02,2,QQQ,0.015841241219320512
2025-12,2025-12-01,2026-03-02,3,QQQ,-0.013442892818726127
2026-01,2026-01-02,2026-02-02,1,QQQ,0.021235682251080634
2026-01,2026-01-02,2026-03-02,2,QQQ,-0.008203959879987122
2026-01,2026-01-02,2026-04-01,3,QQQ,-0.0457875295055179
2026-02,2026-02-02,2026-03-02,1,QQQ,-0.028827471114380554
2026-02,2026-02-02,2026-04-01,2,QQQ,-0.06562952403784128
2026-02,2026-02-02,2026-05-01,3,QQQ,0.07803364659078338
2026-03,2026-03-02,2026-04-01,1,QQQ,-0.03789445420752324
2026-03,2026-03-02,2026-05-01,2,QQQ,0.11003309353054158
2026-03,2026-03-02,2026-06-01,3,QQQ,0.2229711744159686
2026-04,2026-04-01,2026-05-01,1,QQQ,0.15375397053367834
2026-04,2026-04-01,2026-06-01,2,QQQ,0.27114034397194886
2026-04,2026-04-01,2026-07-01,3,QQQ,0.2424344218157639
2026-05,2026-05-01,2026-06-01,1,QQQ,0.10174298545119864
2026-05,2026-05-01,2026-07-01,2,QQQ,0.07686253182822478
2026-05,2026-05-01,2026-08-03,3,QQQ,0.03958966631535854
2026-06,2026-06-01,2026-07-01,1,QQQ,-0.0225828110108498
2026-06,2026-06-01,2026-08-03,2,QQQ,-0.05641362818424145
2026-06,2026-06-01,2026-09-01,3,QQQ,-0.04621050031865992
2026-07,2026-07-01,2026-08-03,1,QQQ,-0.0346124639043639
2026-07,2026-07-01,2026-09-01,2,QQQ,-0.02417359708216915
2026-08,2026-08-03,2026-09-01,1,QQQ,0.01081313610533341
