year,QQQ Hold 1M,QQQ Hold 1M Trades,QQQ Hold 2M,QQQ Hold 2M Trades,QQQ Hold 3M,QQQ Hold 3M Trades
2016,0.10384949673367538,12,0.10384949673367538,6,0.1038494967336756,4
2017,0.337917710419946,12,0.33791771041994645,6,0.337917710419946,4
2018,-0.014520684570116016,12,-0.014520684570116238,6,-0.014520684570115905,4
2019,0.4071626162154196,12,0.4071626162154187,6,0.4071626162154187,4
2020,0.43907726844010764,12,0.4390772684401081,6,0.4390772684401081,4
2021,0.30488885379529584,12,0.3048888537952956,6,0.30488885379529584,4
2022,-0.3367128999954577,12,-0.33671289999545784,6,-0.3367128999954577,4
2023,0.5327114326119293,12,0.5327114326119289,6,0.5327114326119291,4
2024,0.27490046274614355,12,0.2749004627461442,6,0.2749004627461442,4
2025,0.20774852081535022,12,0.20774852081535045,6,0.20774852081535022,4
2026,0.15688749761144027,8,0.15688749761144027,4,0.18554641906820346,2
