momentum_window,year,Top 1 Hold 1M,Top 1 Hold 1M Trades,Top 1 Hold 2M,Top 1 Hold 2M Trades,Top 1 Hold 3M,Top 1 Hold 3M Trades,Top 2 Hold 1M,Top 2 Hold 1M Trades,Top 2 Hold 2M,Top 2 Hold 2M Trades,Top 2 Hold 3M,Top 2 Hold 3M Trades,Top 3 Hold 1M,Top 3 Hold 1M Trades,Top 3 Hold 2M,Top 3 Hold 2M Trades,Top 3 Hold 3M,Top 3 Hold 3M Trades
3,2016,0.19166723061754776,12,0.09025947647435562,6,0.42419987545916515,4,0.08390690063742912,12,0.040927949054195834,6,0.31033975246449796,4,0.07779155498707913,12,-0.014164354448296002,6,0.4931739817653815,4
3,2017,0.10196692073046187,12,0.036091788673600744,6,0.5912454296310663,4,0.36477518762001937,12,0.1347038685503228,6,0.5985862485730229,4,0.3278581805496401,12,0.17206968823172852,6,0.3777191218341227,4
3,2018,-0.15706295145655058,12,-0.09293750493590824,6,0.041283482066372335,4,-0.29621756617523365,12,-0.220260596485234,6,-0.1662214176252017,4,-0.027998160502546776,12,-0.13680584299912868,6,-0.009092036120488256,4
3,2019,-0.0703600220409829,12,0.12872561382615144,6,0.5713174743118414,4,0.3842227393197839,12,0.41420087843047004,6,0.5536324900877665,4,0.6064608774621123,12,0.5362238015362164,6,0.48535721357923567,4
3,2020,1.8777516673399641,12,3.332654798468929,6,7.480569933113131,4,2.1775510828525646,12,1.8973906156254592,6,2.3258195556768366,4,2.3364318103658688,12,1.8296869482982903,6,1.322417313136877,4
3,2021,0.37410148631427154,12,0.1460142796725108,6,-0.15752128295726808,4,0.46417330582303884,12,0.4466689194525655,6,-0.01147582758347554,4,0.5454641876868402,12,0.4341710506747718,6,-0.020390328872896157,4
3,2022,-0.6454636815876302,12,-0.5426625075000645,6,-0.40708238887673276,4,-0.5084514493873113,12,-0.36701114489340936,6,-0.3757453591909665,4,-0.3865510844219554,12,-0.4047526928901425,6,-0.28465354633765805,4
3,2023,0.29399716581450464,12,-0.13108189415303884,6,0.7589648177039381,4,0.5533598975554541,12,0.38874447460242423,6,0.6511259494187014,4,0.26531148146890016,12,0.4468363031828593,6,0.46036741984832474,4
3,2024,-0.38199527958379087,12,-0.18255538120654158,6,-0.030729559600183864,4,-0.03391193811169846,12,-0.05596081203491077,6,0.19360898700968932,4,0.08556476597331497,12,0.13072036355684769,6,0.24349596600735923,4
3,2025,0.1180950666296805,12,2.746056377601344,6,-0.20892729839950908,4,0.2127702423440203,12,1.4945515674830423,6,0.3571137997744416,4,0.049454376415469126,12,0.8144082039936154,6,0.2623125430190225,4
3,2026,-0.06617776241395212,8,0.42451974839898265,4,1.3454398206152236,2,0.6530141513415162,8,0.8178579399634613,4,1.1994661299172087,2,0.6076092275583527,8,0.6599450101698019,4,1.1675382785622772,2
4,2016,0.44995886566136867,12,0.4133802812114873,6,0.42419987545916515,4,0.704589431515954,12,0.5525309340162483,6,0.5285061392154653,4,0.685528784198753,12,0.4612884831001729,6,0.4999826822496489,4
4,2017,0.3486557601743472,12,0.651038358013512,6,0.4541441479396624,4,0.2403542638392877,12,0.3856796355525307,6,0.3798096750282689,4,0.2654090134678686,12,0.34210498570227865,6,0.5032605635689318,4
4,2018,0.4599831164236807,12,0.05410661919175319,6,0.7853672775925356,4,0.1206807408210615,12,-0.11459247029678254,6,0.2889778560724203,4,0.13544306558838204,12,-0.05468980942331714,6,0.23003051648636452,4
4,2019,0.5475845962549419,12,0.4045757756976802,6,0.105127302764906,4,0.21040362793405887,12,0.13485555748160927,6,0.3069692203667922,4,0.3075525843597755,12,0.09546936305439435,6,0.4873044386335348,4
4,2020,3.781819703870397,12,7.288896358784736,6,6.897995272620993,4,2.465746321082247,12,3.5580055382328215,6,1.9448055081973776,4,1.396993971710725,12,2.5431779009142934,6,1.5777263409855897,4
4,2021,0.5609981874793453,12,1.9957236146837225,6,0.08757165951799273,4,0.0813863993493884,12,0.7352455489359324,6,-0.04926556063806253,4,0.06169204239428394,12,0.39248982042990144,6,-0.023738729940441905,4
4,2022,-0.4694590121442854,12,-0.4408447795001357,6,-0.1555945822491176,4,-0.3860324100681026,12,-0.33810272667342445,6,-0.11290303542174385,4,-0.3072330390874659,12,-0.1263133742171627,6,0.1453498300630398,4
4,2023,0.9382671343036517,12,0.7081355273636143,6,1.0804481546122888,4,0.8360485750446383,12,0.7177924967390814,6,0.8103710134097764,4,0.6366815256579947,12,0.8992088350443483,6,0.46506082352095435,4
4,2024,0.8755927083892576,12,1.0968153331664579,6,1.464133899212067,4,0.22903496253228206,12,-0.0038733266278347944,6,0.30641853918564155,4,0.33667880997472666,12,0.05976820590064591,6,0.20405267468205168,4
4,2025,1.8046458215688506,12,0.3790549564921042,6,0.863643859362035,4,0.9919994357400481,12,1.130562203915665,6,1.143830640660556,4,0.9821970214289797,12,1.244037182074886,6,0.7881986137622716,4
4,2026,0.3455822939629578,8,0.9127707532925884,4,1.3454398206152236,2,0.5869230784976789,8,0.7646297786457192,4,1.2240555366622412,2,0.624863999247814,8,0.6948342520234261,4,1.8838684760320086,2
5,2016,0.5267721010604192,12,0.7800988857791413,6,0.61018921789596,4,0.5841641253583261,12,0.9951047180394685,6,0.877135910214927,4,0.5445708484044591,12,0.6711191339806513,6,0.6726415813145099,4
5,2017,0.47527666801564084,12,0.6963674344798629,6,0.43201030861338197,4,0.3585646077461673,12,0.3601631763914921,6,0.5984238517614591,4,0.46340195265084505,12,0.353838849210488,6,0.5219403273559076,4
5,2018,-0.40910674938113756,12,-0.2739119744654478,6,-0.42837888313646755,4,-0.09645806721474781,12,-0.14180286460214309,6,-0.3482052641097314,4,-0.17506866703910418,12,-0.1814009427795754,6,-0.2541305359506436,4
5,2019,0.6124874641182732,12,0.7177476955355395,6,0.6403372451105491,4,0.2530942138107304,12,0.36576034592713236,6,0.6291958002503684,4,0.23146533168981342,12,0.2081680041341385,6,0.44930557118226755,4
5,2020,1.2775864388609195,12,6.060637839351207,6,2.614966077564485,4,2.07224410590705,12,3.745153514070286,6,2.286702421076741,4,1.5939459601552368,12,1.9152826063346509,6,1.2699593534977143,4
5,2021,1.4264173275251446,12,0.6282307536916452,6,0.608008908550479,4,0.666955095048752,12,0.06839100776899065,6,0.12851454504595883,4,0.4412642333151957,12,0.12789233218103924,6,0.10367049159133535,4
5,2022,-0.3629168549062409,12,-0.40089559737475844,6,-0.19464106132511216,4,-0.2514751860736103,12,-0.24723014447893232,6,0.12095811651055599,4,-0.2735564262071333,12,-0.31724085307689087,6,0.059705266977561955,4
5,2023,2.2298309298373717,12,1.278750282225376,6,0.6565381647838266,4,1.1794198923567798,12,0.6527132734108987,6,0.6408052353791296,4,0.5609639729521878,12,0.33699439626565497,6,0.44241306881596065,4
5,2024,-0.1560763906537611,12,-0.34717569810987225,6,-0.11782474284370636,4,0.2567988624373734,12,-0.013910105176272447,6,-0.047472010498442296,4,0.23862578671694412,12,0.1387660814247289,6,0.19887670218744602,4
5,2025,0.4299716981966819,12,0.9602564723511797,6,0.22437346987682139,4,1.3350476186664535,12,1.5992553724950818,6,1.0976580825840023,4,1.2420040173037679,12,1.1788488552515046,6,0.9606933656334238,4
5,2026,0.7880499809654211,8,1.0487104812531207,4,1.3454398206152236,2,0.7008350584629834,8,1.0101866943602418,4,1.874006148734698,2,0.5339418098431008,8,0.6478435869197685,4,1.8838684760320086,2
6,2016,1.3052332924721268,12,1.4962751690197291,6,1.2922996692038504,4,0.9332490762652257,12,0.6473891921600337,6,0.38950521082208267,4,0.7452318374532616,12,0.7332632483704375,6,0.6139990110590354,4
6,2017,0.20607959976281376,12,0.20084311325970594,6,0.43201030861338197,4,0.23100264236436363,12,0.40194934031205753,6,0.6412021774410424,4,0.3286965083205493,12,0.46141115529444887,6,0.5808600801592232,4
6,2018,-0.37743750508706986,12,-0.5205894766063042,6,-0.5762666077304757,4,-0.17621587026781482,12,-0.2632374680727526,6,-0.2741241047912921,4,-0.19945102597522923,12,-0.2089497176546412,6,-0.1302980118658802,4
6,2019,0.9114257033238493,12,1.0868967696031042,6,0.7612865695585074,4,0.4459816682619018,12,0.4939429131084101,6,0.4095556179459896,4,0.5559781285495431,12,0.52665892264636,6,0.39989551699643067,4
6,2020,1.3069218731846153,12,2.614966077564485,6,6.897995272620993,4,2.59407375356299,12,3.507492641040386,6,3.0903469608052285,4,2.2762520346153936,12,2.824247712477491,6,2.2881425561467132,4
6,2021,0.45931491511191913,12,0.47012412795869984,6,0.608008908550479,4,0.3403011888251397,12,0.2626825981157166,6,0.3599831983287116,4,0.32370248489012887,12,0.13022189234866488,6,0.31668836985746585,4
6,2022,-0.3449505069105534,12,-0.47227890376307025,6,0.23759413632921556,4,-0.43099047904713894,12,-0.3711862550083519,6,-0.3048737259820268,4,-0.1616945074816879,12,-0.1487967854532216,6,-0.25887214909694345,4
6,2023,1.0902733575097328,12,1.1545711706018342,6,1.034430005424373,4,0.9175880664897491,12,0.9873237029442554,6,0.775805996080364,4,0.6324970860531163,12,0.6797158163961841,6,0.565273749594164,4
6,2024,0.07570564466133223,12,0.221825168893661,6,-0.11782474284370636,4,-0.20499287275490308,12,-0.13839487401164596,6,0.47365914252148644,4,-0.2134434259315492,12,-0.02662585662791328,6,0.287666618996236,4
6,2025,0.5711024323598572,12,0.9602564723511797,6,0.22437346987682139,4,1.4467677442347275,12,1.7195797892381859,6,1.0976580825840023,4,1.006980130444905,12,1.1773401826012462,6,0.691457894889471,4
6,2026,0.6593805989842185,8,1.4488462913515452,4,2.190263599508238,2,0.67772785090689,8,1.1911019205386655,4,2.0719763989054623,2,0.7152511439863622,8,0.7901181093142389,4,1.8838684760320086,2
7,2016,1.5026648760574743,12,1.2347059651938364,6,1.6671142849278775,4,0.5773779384826485,12,0.38025932435268484,6,0.6725906816385914,4,0.6602111870198799,12,0.5279599710180347,6,0.49616798438784326,4
7,2017,0.32531928054938186,12,-0.05871706981018243,6,0.1988224285789153,4,0.35250702982822824,12,0.30719128799818907,6,0.38661629387721685,4,0.472413695962264,12,0.5726380254190846,6,0.5327993374164739,4
7,2018,0.08357767226713242,12,-0.3269895819652464,6,-0.16142473500322552,4,0.003131683905457594,12,-0.27172631239914624,6,-0.30998797387320876,4,0.07955052140568197,12,-0.14936705338180978,6,-0.13340643341146607,4
7,2019,1.2313798697760387,12,1.0465901825034387,6,0.7612865695585074,4,0.8379332739041381,12,0.5473462531287392,6,0.48509011964436954,4,0.4658757733932528,12,0.31857817695007173,6,0.41664064902729003,4
7,2020,8.955837820660694,12,8.95583782066069,6,2.8816144563788275,4,2.087910940514575,12,3.191433937025357,6,2.4795681689820674,4,2.017107335728415,12,2.3430341754746915,6,1.602493601289194,4
7,2021,0.8615090140638844,12,0.47012412795869984,6,0.608008908550479,4,0.2493507699668287,12,0.10101489473585423,6,0.08813919109309709,4,-0.043356024220023714,12,0.010728540255539487,6,0.0802621288604366,4
7,2022,-0.46551524601493943,12,-0.559404391881104,6,-0.5926579946346704,4,-0.3011948280411423,12,-0.2876446103878455,6,-0.2596834691238534,4,-0.35147700116891156,12,-0.2504760956851758,6,-0.34625076809117905,4
7,2023,0.555628059809155,12,0.35231962439186315,6,0.5254062993421393,4,0.5604993091313621,12,0.6083308615511895,6,0.3442921785733404,4,0.42041980917696464,12,0.4319738494410017,6,0.4062307912571135,4
7,2024,-0.29117948984596553,12,0.11419681229143563,6,-0.21313952078289988,4,0.004938997796734235,12,0.3216633134898068,6,0.29584765942159463,4,0.15523892103916448,12,0.6761197858547945,6,0.2009661040055959,4
7,2025,0.5711024323598572,12,0.9602564723511797,6,0.22437346987682139,4,0.536251677828554,12,1.2932425288187832,6,0.4069070711601801,4,1.074709204498661,12,1.16082138289048,6,0.8734680179327952,4
7,2026,1.4079253322168706,8,1.4488462913515452,4,2.190263599508238,2,1.3143837033663726,8,1.481049134686482,4,2.3158016419660195,2,1.128145876683436,8,1.49584873501292,4,1.8838684760320086,2
