date,QQQ
2015-01-02,94.46269989013672
2015-01-05,93.07707214355469
2015-01-06,91.82907104492188
2015-01-07,93.01286315917969
2015-01-08,94.79308319091797
2015-01-09,94.1690902709961
2015-01-12,93.18718719482422
2015-01-13,93.15967559814453
2015-01-14,92.64578247070312
2015-01-15,91.44367218017578
2015-01-16,92.51728820800781
2015-01-20,93.25142669677734
2015-01-21,93.72858428955078
2015-01-22,95.46295166015625
2015-01-23,95.67401123046875
2015-01-26,95.56388092041016
2015-01-27,93.08623504638672
2015-01-28,92.60906219482422
2015-01-29,93.49919128417969
2015-01-30,92.77423858642578
2015-02-02,93.5817642211914
2015-02-03,94.48106384277344
2015-02-04,94.39847564697266
2015-02-05,95.21517944335938
2015-02-06,94.6370620727539
2015-02-09,94.33424377441406
2015-02-10,95.80247497558594
2015-02-11,96.15117645263672
2015-02-12,97.27072143554688
2015-02-13,98.10576629638672
2015-02-17,98.19752502441406
2015-02-18,98.33522033691406
2015-02-19,98.82154846191406
2015-02-20,99.48226928710938
2015-02-23,99.58316802978516
2015-02-24,99.6566162109375
2015-02-25,99.40885162353516
2015-02-26,99.9135513305664
2015-02-27,99.47309112548828
2015-03-02,100.37236785888672
2015-03-03,99.90442657470703
2015-03-04,99.51895141601562
2015-03-05,99.69330596923828
2015-03-06,98.56462860107422
2015-03-09,98.84906005859375
2015-03-10,97.0137939453125
2015-03-11,96.45402526855469
2015-03-12,97.08718872070312
2015-03-13,96.66507720947266
2015-03-16,97.9130630493164
2015-03-17,98.06904602050781
2015-03-18,99.03260803222656
2015-03-19,99.17943572998047
2015-03-20,99.82141876220703
2015-03-23,99.62828063964844
2015-03-24,99.26956176757812
2015-03-25,96.99777221679688
2015-03-26,96.66663360595703
2015-03-27,97.05294799804688
2015-03-30,98.16588592529297
2015-03-31,97.12651824951172
2015-04-01,96.62065124511719
2015-04-02,96.68506622314453
2015-04-06,97.47602081298828
2015-04-07,97.31047821044922
2015-04-08,98.08307647705078
2015-04-09,98.69931030273438
2015-04-10,99.10399627685547
2015-04-13,98.85566711425781
2015-04-14,98.5705337524414
2015-04-15,99.1867904663086
2015-04-16,99.04882049560547
2015-04-17,97.50362396240234
2015-04-20,98.96601867675781
2015-04-21,99.38911437988281
2015-04-22,99.93180847167969
2015-04-23,100.30887603759766
2015-04-24,101.67015075683594
2015-04-27,101.41262817382812
2015-04-28,101.21025085449219
2015-04-29,100.57560729980469
2015-04-30,98.9936294555664
2015-05-01,100.29972076416016
2015-05-04,100.46525573730469
2015-05-05,98.82807922363281
2015-05-06,98.14746856689453
2015-05-07,98.736083984375
2015-05-08,99.96858215332031
2015-05-11,99.58230590820312
2015-05-12,99.13160705566406
2015-05-13,99.33391571044922
2015-05-14,100.78715515136719
2015-05-15,100.78715515136719
2015-05-18,101.22865295410156
2015-05-19,101.11827850341797
2015-05-20,101.18266296386719
2015-05-21,101.70692443847656
2015-05-22,101.60576629638672
2015-05-26,100.43763732910156
2015-05-27,102.05645751953125
2015-05-28,101.82649993896484
2015-05-29,101.21946716308594
2015-06-01,101.55976104736328
2015-06-02,101.23784637451172
2015-06-03,101.5413589477539
2015-06-04,100.76876831054688
2015-06-05,100.5296401977539
2015-06-08,99.50870513916016
2015-06-09,99.34317779541016
2015-06-10,100.70438385009766
2015-06-11,100.85157775878906
2015-06-12,100.02375030517578
2015-06-15,99.527099609375
2015-06-16,100.06975555419922
2015-06-17,100.34568786621094
2015-06-18,101.8080825805664
2015-06-19,101.30476379394531
2015-06-22,102.05146789550781
2015-06-23,102.13440704345703
2015-06-24,101.60897827148438
2015-06-25,101.40616607666016
2015-06-26,100.73320770263672
2015-06-29,98.35474395751953
2015-06-30,98.70507049560547
2015-07-01,99.48868560791016
2015-07-02,99.51632690429688
2015-07-06,99.28584289550781
2015-07-07,99.53475952148438
2015-07-08,97.80164337158203
2015-07-09,97.746337890625
2015-07-10,99.2397689819336
2015-07-13,100.98212432861328
2015-07-14,101.64586639404297
2015-07-15,101.7564697265625
2015-07-16,103.1946029663086
2015-07-17,104.71570587158203
2015-07-20,105.07524871826172
2015-07-21,105.01067352294922
2015-07-22,103.82146453857422
2015-07-23,103.4343032836914
2015-07-24,102.42024230957031
2015-07-27,101.57209014892578
2015-07-28,102.44786834716797
2015-07-29,102.83506774902344
2015-07-30,103.32364654541016
2015-07-31,103.20381927490234
2015-08-03,102.8811264038086
2015-08-04,102.68756103515625
2015-08-05,103.4803695678711
2015-08-06,101.82099914550781
2015-08-07,101.69194030761719
2015-08-10,102.85352325439453
2015-08-11,101.53524780273438
2015-08-12,101.8855209350586
2015-08-13,101.7196044921875
2015-08-14,101.87630462646484
2015-08-17,102.72444152832031
2015-08-18,102.1989517211914
2015-08-19,101.52601623535156
2015-08-20,98.71427154541016
2015-08-21,94.3999252319336
2015-08-24,90.76775360107422
2015-08-25,90.4266586303711
2015-08-26,94.98069763183594
2015-08-27,97.38677215576172
2015-08-28,97.36836242675781
2015-08-31,96.16070556640625
2015-09-01,93.1553955078125
2015-09-02,95.78274536132812
2015-09-03,95.31258392333984
2015-09-04,94.17867279052734
2015-09-08,96.83365631103516
2015-09-09,95.745849609375
2015-09-10,96.78758239746094
2015-09-11,97.322265625
2015-09-14,97.0272216796875
2015-09-15,98.1703872680664
2015-09-16,98.72351837158203
2015-09-17,98.76039123535156
2015-09-18,97.355712890625
2015-09-21,97.66068267822266
2015-09-22,96.2005844116211
2015-09-23,96.27452087402344
2015-09-24,95.92335510253906
2015-09-25,95.11012268066406
2015-09-28,92.40247344970703
2015-09-29,91.92189025878906
2015-09-30,94.03815460205078
2015-10-01,94.46324157714844
2015-10-02,96.1174087524414
2015-10-05,97.49433898925781
2015-10-06,97.03230285644531
2015-10-07,97.61446380615234
2015-10-08,98.00263977050781
2015-10-09,98.4461898803711
2015-10-12,98.68646240234375
2015-10-13,98.04881286621094
2015-10-14,97.89175415039062
2015-10-15,99.49968719482422
2015-10-16,99.91554260253906
2015-10-19,100.48845672607422
2015-10-20,99.97098541259766
2015-10-21,99.3610610961914
2015-10-22,101.38491821289062
2015-10-23,104.2219467163086
2015-10-26,104.28660583496094
2015-10-27,104.4991455078125
2015-10-28,105.36781311035156
2015-10-29,105.20148468017578
2015-10-30,104.73017883300781
2015-11-02,105.91305541992188
2015-11-03,106.28269958496094
2015-11-04,106.29195404052734
2015-11-05,106.00546264648438
2015-11-06,106.07941436767578
2015-11-09,104.95198059082031
2015-11-10,104.6839828491211
2015-11-11,104.5545883178711
2015-11-12,103.53807067871094
2015-11-13,101.5050048828125
2015-11-16,102.96509552001953
2015-11-17,103.0298080444336
2015-11-18,105.00741577148438
2015-11-19,105.08134460449219
2015-11-20,105.79290008544922
2015-11-23,105.48796081542969
2015-11-24,105.39556121826172
2015-11-25,105.48796081542969
2015-11-27,105.63581848144531
2015-11-30,105.36781311035156
2015-12-01,106.42134094238281
2015-12-02,105.7651596069336
2015-12-03,103.972412109375
2015-12-04,106.40283203125
2015-12-07,105.92229461669922
2015-12-08,105.93153381347656
2015-12-09,104.32355499267578
2015-12-10,104.79486083984375
2015-12-11,102.38290405273438
2015-12-14,103.15918731689453
2015-12-15,103.7875747680664
2015-12-16,105.33087921142578
2015-12-17,103.79682159423828
2015-12-18,101.80574798583984
2015-12-21,102.93663787841797
2015-12-22,103.61327362060547
2015-12-23,104.3826675415039
2015-12-24,104.36410522460938
2015-12-28,104.30848693847656
2015-12-29,105.94915008544922
2015-12-30,104.99443817138672
2015-12-31,103.6874771118164
2016-01-04,101.49987030029297
2016-01-05,101.3237533569336
2016-01-06,100.35047149658203
2016-01-07,97.2081527709961
2016-01-08,96.41097259521484
2016-01-11,96.70758819580078
2016-01-12,97.82918548583984
2016-01-13,94.45510864257812
2016-01-14,96.46660614013672
2016-01-15,93.47257232666016
2016-01-19,93.67650604248047
2016-01-20,93.38912963867188
2016-01-21,93.48185729980469
2016-01-22,96.1884994506836
2016-01-25,94.76102447509766
2016-01-26,95.61381530761719
2016-01-27,93.23155975341797
2016-01-28,94.54780578613281
2016-01-29,96.52222442626953
2016-02-01,96.78173065185547
2016-02-02,94.68685913085938
2016-02-03,94.23265075683594
2016-02-04,94.2234115600586
2016-02-05,90.95130157470703
2016-02-08,89.56088256835938
2016-02-09,89.2828140258789
2016-02-10,89.62576293945312
2016-02-11,89.4959716796875
2016-02-12,90.85858917236328
2016-02-16,92.90714263916016
2016-02-17,95.01128387451172
2016-02-18,93.92676544189453
2016-02-19,94.20484924316406
2016-02-22,95.73430633544922
2016-02-23,94.15851593017578
2016-02-24,95.0576400756836
2016-02-25,95.99383544921875
2016-02-26,95.87335205078125
2016-02-29,95.01128387451172
2016-03-01,98.0609359741211
2016-03-02,98.09800720214844
2016-03-03,97.91259002685547
2016-03-04,97.9496841430664
2016-03-07,97.34717559814453
2016-03-08,96.54072570800781
2016-03-09,97.16178131103516
2016-03-10,97.01348876953125
2016-03-11,98.70975494384766
2016-03-14,98.87664031982422
2016-03-15,98.83954620361328
2016-03-16,99.72013854980469
2016-03-17,99.6645278930664
2016-03-18,99.82069396972656
2016-03-21,100.21119689941406
2016-03-22,100.51798248291016
2016-03-23,99.6905746459961
2016-03-24,99.71842956542969
2016-03-28,99.57898712158203
2016-03-29,101.17806243896484
2016-03-30,101.67081451416016
2016-03-31,101.52201080322266
2016-04-01,102.6004638671875
2016-04-04,102.21001434326172
2016-04-05,101.22453308105469
2016-04-06,102.88868713378906
2016-04-07,101.4104995727539
2016-04-08,101.33609771728516
2016-04-11,100.9642562866211
2016-04-12,101.81026458740234
2016-04-13,103.11182403564453
2016-04-14,103.12110137939453
2016-04-15,102.86075592041016
2016-04-18,103.40930938720703
2016-04-19,102.7771224975586
2016-04-20,102.86075592041016
2016-04-21,102.8700942993164
2016-04-22,101.31749725341797
2016-04-25,101.31749725341797
2016-04-26,100.82478332519531
2016-04-27,100.01595306396484
2016-04-28,98.80731964111328
2016-04-29,98.28673553466797
2016-05-02,99.2164077758789
2016-05-03,98.29603576660156
2016-05-04,97.6638412475586
2016-05-05,97.6359634399414
2016-05-06,98.15656280517578
2016-05-09,98.43547821044922
2016-05-10,99.78351593017578
2016-05-11,98.88172149658203
2016-05-12,98.44477081298828
2016-05-13,98.08220672607422
2016-05-16,99.30937194824219
2016-05-17,98.06360626220703
2016-05-18,98.41686248779297
2016-05-19,97.90558624267578
2016-05-20,98.98401641845703
2016-05-23,98.85384368896484
2016-05-24,100.83406066894531
2016-05-25,101.5592269897461
2016-05-26,101.85673522949219
2016-05-27,102.38664245605469
2016-05-31,102.58190155029297
2016-06-01,102.5911865234375
2016-06-02,102.80501556396484
2016-06-03,102.3215560913086
2016-06-06,102.6934585571289
2016-06-07,102.43313598632812
2016-06-08,102.60978698730469
2016-06-09,102.44245910644531
2016-06-10,101.28033447265625
2016-06-13,100.43431854248047
2016-06-14,100.43431854248047
2016-06-15,100.14610290527344
2016-06-16,100.4436264038086
2016-06-17,99.2662582397461
2016-06-20,99.8908462524414
2016-06-21,100.207763671875
2016-06-22,99.96541595458984
2016-06-23,101.3916015625
2016-06-24,97.21550750732422
2016-06-27,95.28594207763672
2016-06-28,97.37398529052734
2016-06-29,99.09849548339844
2016-06-30,100.24504089355469
2016-07-01,100.74844360351562
2016-07-05,100.13319396972656
2016-07-06,100.95349884033203
2016-07-07,101.25177001953125
2016-07-08,102.81785583496094
2016-07-11,103.40507507324219
2016-07-12,103.92708587646484
2016-07-13,103.67542266845703
2016-07-14,104.38387298583984
2016-07-15,104.216064453125
2016-07-18,104.90586853027344
2016-07-19,104.52368927001953
2016-07-20,105.74482727050781
2016-07-21,105.50244903564453
2016-07-22,105.94058227539062
2016-07-25,105.94991302490234
2016-07-26,106.07108306884766
2016-07-27,106.80751037597656
2016-07-28,107.18035125732422
2016-07-29,107.41339874267578
2016-08-01,107.98202514648438
2016-08-02,107.16172790527344
2016-08-03,107.51595306396484
2016-08-04,107.82356262207031
2016-08-05,108.85826873779297
2016-08-08,108.737060546875
2016-08-09,108.98876953125
2016-08-10,108.7091293334961
2016-08-11,109.17520904541016
2016-08-12,109.2497787475586
2016-08-15,109.71586608886719
2016-08-16,109.10990905761719
2016-08-17,109.3056869506836
2016-08-18,109.33367156982422
2016-08-19,109.3056869506836
2016-08-22,109.38960266113281
2016-08-23,109.58533477783203
2016-08-24,108.87690734863281
2016-08-25,108.69976806640625
2016-08-26,108.85826873779297
2016-08-29,109.00740814208984
2016-08-30,108.65319061279297
2016-08-31,108.54132843017578
2016-09-01,108.82096099853516
2016-09-02,109.17520904541016
2016-09-06,109.85565948486328
2016-09-07,109.9209213256836
2016-09-08,109.27771759033203
2016-09-09,106.52783203125
2016-09-12,108.43878936767578
2016-09-13,107.46932220458984
2016-09-14,107.98202514648438
2016-09-15,109.65992736816406
2016-09-16,109.60758209228516
2016-09-19,109.13099670410156
2016-09-20,109.3365478515625
2016-09-21,110.41124725341797
2016-09-22,111.2896957397461
2016-09-23,110.57947540283203
2016-09-26,109.65430450439453
2016-09-27,110.73831939697266
2016-09-28,110.92523956298828
2016-09-29,110.12155151367188
2016-09-30,110.94390106201172
2016-10-03,110.78507995605469
2016-10-04,110.61685943603516
2016-10-05,111.00933837890625
2016-10-06,110.9532699584961
2016-10-07,110.71029663085938
2016-10-10,111.4111557006836
2016-10-11,109.82250213623047
2016-10-12,109.72907257080078
2016-10-13,109.3365478515625
2016-10-14,109.46739959716797
2016-10-17,109.16837310791016
2016-10-18,110.1402587890625
2016-10-19,110.13090515136719
2016-10-20,110.00007629394531
2016-10-21,110.41124725341797
2016-10-24,111.73825073242188
2016-10-25,111.38311004638672
2016-10-26,110.6261978149414
2016-10-27,110.12155151367188
2016-10-28,109.43003845214844
2016-10-31,109.32722473144531
2016-11-01,108.50485229492188
2016-11-02,107.63580322265625
2016-11-03,106.57981872558594
2016-11-04,106.2060317993164
2016-11-07,108.7291488647461
2016-11-08,109.43936920166016
2016-11-09,109.94400787353516
2016-11-10,108.16847229003906
2016-11-11,108.21517181396484
2016-11-14,107.12181854248047
2016-11-15,108.60768127441406
2016-11-16,109.25247955322266
2016-11-17,110.04678344726562
2016-11-18,109.63560485839844
2016-11-21,110.77570343017578
2016-11-22,111.11213684082031
2016-11-23,110.66356658935547
2016-11-25,111.01868438720703
2016-11-28,110.76637268066406
2016-11-29,111.1495361328125
2016-11-30,109.8038101196289
2016-12-01,107.90682220458984
2016-12-02,108.1217269897461
2016-12-05,108.9627914428711
2016-12-06,109.22444915771484
2016-12-07,110.6075210571289
2016-12-08,110.80375671386719
2016-12-09,111.6728515625
2016-12-12,111.168212890625
2016-12-13,112.56993103027344
2016-12-14,112.33634948730469
2016-12-15,112.51387786865234
2016-12-16,112.09676361083984
2016-12-19,112.55608367919922
2016-12-20,112.9872055053711
2016-12-21,112.9028549194336
2016-12-22,112.58419799804688
2016-12-23,112.65918731689453
2016-12-27,113.24028778076172
2016-12-28,112.3592300415039
2016-12-29,112.19991302490234
2016-12-30,111.04706573486328
2017-01-03,112.04058074951172
2017-01-04,112.64981842041016
2017-01-05,113.28716278076172
2017-01-06,114.2806167602539
2017-01-09,114.6555404663086
2017-01-10,114.90861511230469
2017-01-11,115.21791076660156
2017-01-12,115.0398178100586
2017-01-13,115.4334716796875
2017-01-17,115.08670043945312
2017-01-18,115.32099914550781
2017-01-19,115.26476287841797
2017-01-20,115.5178451538086
2017-01-23,115.61156463623047
2017-01-24,116.38949584960938
2017-01-25,117.56102752685547
2017-01-26,117.68291473388672
2017-01-27,117.90785217285156
2017-01-30,116.98931121826172
2017-01-31,116.7550277709961
2017-02-01,117.56102752685547
2017-02-02,117.45793914794922
2017-02-03,117.79539489746094
2017-02-06,117.93595886230469
2017-02-07,118.36712646484375
2017-02-08,118.56394958496094
2017-02-09,118.99507141113281
2017-02-10,119.38871002197266
2017-02-13,120.06356811523438
2017-02-14,120.46656799316406
2017-02-15,121.17888641357422
2017-02-16,121.1413803100586
2017-02-17,121.66627502441406
2017-02-21,122.26615142822266
2017-02-22,122.31300354003906
2017-02-23,121.85372161865234
2017-02-24,122.08804321289062
2017-02-27,122.23799133300781
2017-02-28,121.86309051513672
2017-03-01,123.19400787353516
2017-03-02,122.57542419433594
2017-03-03,122.80036926269531
2017-03-06,122.5285415649414
2017-03-07,122.32234954833984
2017-03-08,122.5379409790039
2017-03-09,122.63167572021484
2017-03-10,123.14716339111328
2017-03-13,123.35331726074219
2017-03-14,123.05339813232422
2017-03-15,123.8126220703125
2017-03-16,123.72821807861328
2017-03-17,123.68505859375
2017-03-20,123.79776763916016
2017-03-21,121.91932678222656
2017-03-22,122.74583435058594
2017-03-23,122.43589782714844
2017-03-24,122.689453125
2017-03-27,122.8867416381836
2017-03-28,123.63809204101562
2017-03-29,124.21098327636719
2017-03-30,124.41761016845703
2017-03-31,124.33308410644531
2017-04-03,124.25800323486328
2017-04-04,124.45520782470703
2017-04-05,123.94804382324219
2017-04-06,124.0137710571289
2017-04-07,123.94804382324219
2017-04-10,123.99502563476562
2017-04-11,123.4596176147461
2017-04-12,122.96186065673828
2017-04-13,122.4734878540039
2017-04-17,123.48779296875
2017-04-18,123.29995727539062
2017-04-19,123.49718475341797
2017-04-20,124.53032684326172
2017-04-21,124.50218963623047
2017-04-24,126.00489044189453
2017-04-25,126.91596221923828
2017-04-26,126.73749542236328
2017-04-27,127.49828338623047
2017-04-28,127.7236557006836
2017-05-01,128.86012268066406
2017-05-02,129.07614135742188
2017-05-03,128.66294860839844
2017-05-04,128.70982360839844
2017-05-05,129.1794891357422
2017-05-08,129.4612274169922
2017-05-09,129.91204833984375
2017-05-10,129.9871368408203
2017-05-11,129.88388061523438
2017-05-12,130.1750030517578
2017-05-15,130.5882568359375
2017-05-16,131.1330108642578
2017-05-17,127.7988510131836
2017-05-18,128.91648864746094
2017-05-19,129.4612274169922
2017-05-22,130.55072021484375
2017-05-23,130.68215942382812
2017-05-24,131.28329467773438
2017-05-25,132.40098571777344
2017-05-26,132.63580322265625
2017-05-30,132.7484588623047
2017-05-31,132.70147705078125
2017-06-01,133.21804809570312
2017-06-02,134.73963928222656
2017-06-05,134.71142578125
2017-06-06,134.1761016845703
2017-06-07,134.70204162597656
2017-06-08,134.8429412841797
2017-06-09,131.47113037109375
2017-06-12,130.7666778564453
2017-06-13,131.82803344726562
2017-06-14,131.25514221191406
2017-06-15,130.6727752685547
2017-06-16,130.10581970214844
2017-06-19,132.2813720703125
2017-06-20,131.24537658691406
2017-06-21,132.54505920410156
2017-06-22,132.50735473632812
2017-06-23,133.01589965820312
2017-06-26,132.39439392089844
2017-06-27,129.99285888671875
2017-06-28,131.8670196533203
2017-06-29,129.5784454345703
2017-06-30,129.62559509277344
2017-07-03,128.2599639892578
2017-07-05,129.5219268798828
2017-07-06,128.35411071777344
2017-07-07,129.7385711669922
2017-07-10,130.58615112304688
2017-07-11,130.95347595214844
2017-07-12,132.50735473632812
2017-07-13,132.79931640625
2017-07-14,133.84471130371094
2017-07-17,133.91062927246094
2017-07-18,134.80531311035156
2017-07-19,135.5963592529297
2017-07-20,135.77532958984375
2017-07-21,135.71885681152344
2017-07-24,136.34043884277344
2017-07-25,135.99192810058594
2017-07-26,136.43453979492188
2017-07-27,135.57760620117188
2017-07-28,135.46456909179688
2017-07-31,134.8900146484375
2017-08-01,135.2008056640625
2017-08-02,135.56813049316406
2017-08-03,135.04078674316406
2017-08-04,135.28561401367188
2017-08-07,136.1426544189453
2017-08-08,135.90713500976562
2017-08-09,135.72825622558594
2017-08-10,132.81817626953125
2017-08-11,133.8258819580078
2017-08-14,135.54933166503906
2017-08-15,135.6434783935547
2017-08-16,135.87892150878906
2017-08-17,133.10067749023438
2017-08-18,133.0065155029297
2017-08-21,132.8369903564453
2017-08-22,134.8617706298828
2017-08-23,134.38153076171875
2017-08-24,133.9860076904297
2017-08-25,133.70346069335938
2017-08-28,134.11778259277344
2017-08-29,134.6452178955078
2017-08-30,136.22738647460938
2017-08-31,137.6871337890625
2017-09-01,137.49876403808594
2017-09-05,136.26507568359375
2017-09-06,136.67942810058594
2017-09-07,136.9996337890625
2017-09-08,135.81301879882812
2017-09-11,137.37631225585938
2017-09-12,137.70591735839844
2017-09-13,137.8943328857422
2017-09-14,137.08438110351562
2017-09-15,137.55531311035156
2017-09-18,137.37501525878906
2017-09-19,137.61094665527344
2017-09-20,137.18629455566406
2017-09-21,136.34622192382812
2017-09-22,136.21409606933594
2017-09-25,134.77947998046875
2017-09-26,135.1286163330078
2017-09-27,136.34622192382812
2017-09-28,136.299072265625
2017-09-29,137.28060913085938
2017-10-02,137.40325927734375
2017-10-03,137.6959228515625
2017-10-04,137.82801818847656
2017-10-05,139.17771911621094
2017-10-06,139.3665008544922
2017-10-09,139.20603942871094
2017-10-10,139.30984497070312
2017-10-11,139.72512817382812
2017-10-12,139.4703369140625
2017-10-13,140.00828552246094
2017-10-16,140.4896697998047
2017-10-17,140.6689453125
2017-10-18,140.49908447265625
2017-10-19,139.97999572753906
2017-10-20,140.3575439453125
2017-10-23,139.44203186035156
2017-10-24,139.67800903320312
2017-10-25,139.14939880371094
2017-10-26,138.705810546875
2017-10-27,142.7454376220703
2017-10-30,143.0663604736328
2017-10-31,143.60427856445312
2017-11-01,143.55715942382812
2017-11-02,143.2834014892578
2017-11-03,144.661376953125
2017-11-06,145.15220642089844
2017-11-07,145.23712158203125
2017-11-08,145.82237243652344
2017-11-09,145.05783081054688
2017-11-10,145.04837036132812
2017-11-13,145.2277069091797
2017-11-14,144.6991729736328
2017-11-15,144.01954650878906
2017-11-16,145.86009216308594
2017-11-17,145.30319213867188
2017-11-20,145.18994140625
2017-11-21,146.76614379882812
2017-11-22,146.9455108642578
2017-11-24,147.48345947265625
2017-11-27,147.41737365722656
2017-11-28,147.79495239257812
2017-11-29,145.21829223632812
2017-11-30,146.43580627441406
2017-12-01,145.81288146972656
2017-12-04,144.13287353515625
2017-12-05,144.22726440429688
2017-12-06,144.8784637451172
2017-12-07,145.36929321289062
2017-12-08,146.01109313964844
2017-12-11,147.14369201660156
2017-12-12,146.9455108642578
2017-12-13,147.22865295410156
2017-12-14,147.12486267089844
2017-12-15,148.79541015625
2017-12-18,150.0428924560547
2017-12-19,149.1538543701172
2017-12-20,148.9930419921875
2017-12-21,149.011962890625
2017-12-22,148.8417205810547
2017-12-26,148.03782653808594
2017-12-27,148.0567169189453
2017-12-28,148.23643493652344
2017-12-29,147.31900024414062
2018-01-02,149.9010772705078
2018-01-03,151.35755920410156
2018-01-04,151.62240600585938
2018-01-05,153.14515686035156
2018-01-08,153.74099731445312
2018-01-09,153.75045776367188
2018-01-10,153.3910675048828
2018-01-11,154.44091796875
2018-01-12,155.57589721679688
2018-01-16,155.1313934326172
2018-01-17,156.805419921875
2018-01-18,156.83384704589844
2018-01-19,157.32565307617188
2018-01-22,159.0091552734375
2018-01-23,160.3238525390625
2018-01-24,159.28347778320312
2018-01-25,159.22669982910156
2018-01-26,161.6668701171875
2018-01-29,160.88186645507812
2018-01-30,159.5577392578125
2018-01-31,160.21974182128906
2018-02-01,158.85787963867188
2018-02-02,155.6893768310547
2018-02-05,149.55104064941406
2018-02-06,153.51402282714844
2018-02-07,151.52783203125
2018-02-08,145.13417053222656
2018-02-09,147.640625
2018-02-12,150.26040649414062
2018-02-13,151.03599548339844
2018-02-14,153.86395263671875
2018-02-15,156.7202911376953
2018-02-16,156.02044677734375
2018-02-20,156.33253479003906
2018-02-21,155.88803100585938
2018-02-22,155.8690948486328
2018-02-23,159.05645751953125
2018-02-26,161.1655731201172
2018-02-27,159.1699676513672
2018-02-28,158.14845275878906
2018-03-01,155.5664520263672
2018-03-02,156.99459838867188
2018-03-05,158.73484802246094
2018-03-06,159.4064483642578
2018-03-07,159.77525329589844
2018-03-08,160.65489196777344
2018-03-09,163.77603149414062
2018-03-12,164.6461639404297
2018-03-13,162.4046630859375
2018-03-14,162.37620544433594
2018-03-15,162.23443603515625
2018-03-16,161.75196838378906
2018-03-19,158.30084228515625
2018-03-20,158.8218536376953
2018-03-21,158.13026428222656
2018-03-22,154.22726440429688
2018-03-23,150.1631622314453
2018-03-26,155.7429962158203
2018-03-27,150.70314025878906
2018-03-28,148.96949768066406
2018-03-29,151.69789123535156
2018-04-02,147.32115173339844
2018-04-03,148.97897338867188
2018-04-04,151.32838439941406
2018-04-05,152.19049072265625
2018-04-06,148.3822021484375
2018-04-09,149.42425537109375
2018-04-10,152.72100830078125
2018-04-11,151.8399658203125
2018-04-12,153.66836547851562
2018-04-13,152.87257385253906
2018-04-16,154.0377960205078
2018-04-17,157.35353088378906
2018-04-18,157.6755828857422
2018-04-19,156.22618103027344
2018-04-20,153.75360107421875
2018-04-23,153.3651885986328
2018-04-24,150.11582946777344
2018-04-25,150.2957763671875
2018-04-26,153.45989990234375
2018-04-27,153.55462646484375
2018-04-30,152.46522521972656
2018-05-01,154.20831298828125
2018-05-02,153.29888916015625
2018-05-03,153.27996826171875
2018-05-04,156.1882781982422
2018-05-07,157.4861297607422
2018-05-08,157.32508850097656
2018-05-09,159.03973388671875
2018-05-10,160.68814086914062
2018-05-11,160.5365753173828
2018-05-14,160.8113250732422
2018-05-15,159.0302734375
2018-05-16,160.0818328857422
2018-05-17,159.46609497070312
2018-05-18,158.64187622070312
2018-05-21,159.5323944091797
2018-05-22,159.32395935058594
2018-05-23,160.66920471191406
2018-05-24,160.62181091308594
2018-05-25,160.78285217285156
2018-05-29,160.07237243652344
2018-05-30,161.21864318847656
2018-05-31,161.1144561767578
2018-06-01,163.64385986328125
2018-06-04,165.12171936035156
2018-06-05,165.6332550048828
2018-06-06,166.5995635986328
2018-06-07,165.24485778808594
2018-06-08,165.2543182373047
2018-06-11,165.69956970214844
2018-06-12,166.57110595703125
2018-06-13,166.56166076660156
2018-06-14,168.24794006347656
2018-06-15,167.66058349609375
2018-06-18,167.56375122070312
2018-06-19,167.08908081054688
2018-06-20,168.27574157714844
2018-06-21,166.8137664794922
2018-06-22,166.4434814453125
2018-06-25,162.69349670410156
2018-06-26,163.3580322265625
2018-06-27,161.13648986816406
2018-06-28,162.5226287841797
2018-06-29,162.95932006835938
2018-07-02,164.05104064941406
2018-07-03,162.15235900878906
2018-07-05,164.16502380371094
2018-07-06,166.71881103515625
2018-07-09,168.21884155273438
2018-07-10,168.3422393798828
2018-07-11,167.48779296875
2018-07-12,170.37387084960938
2018-07-13,170.5162811279297
2018-07-16,170.10804748535156
2018-07-17,171.1428680419922
2018-07-18,170.82009887695312
2018-07-19,169.9656219482422
2018-07-20,169.92770385742188
2018-07-23,170.46881103515625
2018-07-24,171.17135620117188
2018-07-25,173.56375122070312
2018-07-26,170.93402099609375
2018-07-27,168.62701416015625
2018-07-30,166.24412536621094
2018-07-31,167.51629638671875
2018-08-01,168.15235900878906
2018-08-02,170.4403533935547
2018-08-03,170.9624786376953
2018-08-06,171.9688262939453
2018-08-07,172.59539794921875
2018-08-08,172.8042755126953
2018-08-09,172.69984436035156
2018-08-10,171.38018798828125
2018-08-13,171.19036865234375
2018-08-14,172.2631072998047
2018-08-15,170.15550231933594
2018-08-16,170.71568298339844
2018-08-17,170.75364685058594
2018-08-20,170.60169982910156
2018-08-21,171.2283172607422
2018-08-22,171.8928985595703
2018-08-23,171.64602661132812
2018-08-24,173.24095153808594
2018-08-27,175.0067901611328
2018-08-28,175.26307678222656
2018-08-29,177.28524780273438
2018-08-30,176.9719696044922
2018-08-31,177.19981384277344
2018-09-04,176.44033813476562
2018-09-05,174.16184997558594
2018-09-06,172.60488891601562
2018-09-07,171.9403076171875
2018-09-10,172.5194549560547
2018-09-11,173.84860229492188
2018-09-12,173.33592224121094
2018-09-13,175.18719482421875
2018-09-14,174.67454528808594
2018-09-17,172.15867614746094
2018-09-18,173.58273315429688
2018-09-19,173.4498291015625
2018-09-20,175.36756896972656
2018-09-21,174.40869140625
2018-09-24,174.8937225341797
2018-09-25,175.13153076171875
2018-09-26,175.25515747070312
2018-09-27,176.7388458251953
2018-09-28,176.7008056640625
2018-10-01,177.06222534179688
2018-10-02,176.66275024414062
2018-10-03,176.85296630859375
2018-10-04,173.45762634277344
2018-10-05,171.3367156982422
2018-10-08,170.29054260253906
2018-10-09,170.84210205078125
2018-10-10,163.3286895751953
2018-10-11,161.30287170410156
2018-10-12,165.79188537597656
2018-10-15,163.78517150878906
2018-10-16,168.5500946044922
2018-10-17,168.61660766601562
2018-10-18,164.7076873779297
2018-10-19,164.55555725097656
2018-10-22,165.4019317626953
2018-10-23,164.79331970214844
2018-10-24,157.251220703125
2018-10-25,162.69134521484375
2018-10-26,158.50668334960938
2018-10-29,155.24449157714844
2018-10-30,157.8029022216797
2018-10-31,161.5120849609375
2018-11-01,163.6425018310547
2018-11-02,161.09359741210938
2018-11-05,160.6941680908203
2018-11-06,161.91156005859375
2018-11-07,166.99029541015625
2018-11-08,165.92510986328125
2018-11-09,163.12892150878906
2018-11-12,158.19284057617188
2018-11-13,158.32595825195312
2018-11-14,157.11810302734375
2018-11-15,159.86672973632812
2018-11-16,159.30555725097656
2018-11-19,154.13169860839844
2018-11-20,151.3736114501953
2018-11-21,152.52438354492188
2018-11-23,151.4210968017578
2018-11-26,154.92108154296875
2018-11-27,155.4442138671875
2018-11-28,160.44688415527344
2018-11-29,159.9237823486328
2018-11-30,161.08404541015625
2018-12-03,163.89927673339844
2018-12-04,157.6126708984375
2018-12-06,158.72540283203125
2018-12-07,153.48500061035156
2018-12-10,155.09234619140625
2018-12-11,155.60586547851562
2018-12-12,156.9753875732422
2018-12-13,157.02297973632812
2018-12-14,153.19964599609375
2018-12-17,149.72825622558594
2018-12-18,150.66976928710938
2018-12-19,146.97010803222656
2018-12-20,144.83970642089844
2018-12-21,140.35057067871094
2018-12-24,136.8701629638672
2018-12-26,145.41619873046875
2018-12-27,145.97898864746094
2018-12-28,145.90264892578125
2018-12-31,147.13308715820312
2019-01-02,147.7244110107422
2019-01-03,142.898193359375
2019-01-04,149.0120086669922
2019-01-07,150.7860870361328
2019-01-08,152.15003967285156
2019-01-09,153.38999938964844
2019-01-10,153.82870483398438
2019-01-11,153.26596069335938
2019-01-14,151.9115753173828
2019-01-15,154.87783813476562
2019-01-16,154.8492889404297
2019-01-17,156.07012939453125
2019-01-18,157.61532592773438
2019-01-22,154.458251953125
2019-01-23,154.6585235595703
2019-01-24,155.65997314453125
2019-01-25,157.5199737548828
2019-01-28,155.57415771484375
2019-01-29,154.1053009033203
2019-01-30,158.02545166015625
2019-01-31,160.390869140625
2019-02-01,159.7136993408203
2019-02-04,161.69754028320312
2019-02-05,163.1282501220703
2019-02-06,162.6417999267578
2019-02-07,160.45762634277344
2019-02-08,160.7723388671875
2019-02-11,160.6197509765625
2019-02-12,162.99472045898438
2019-02-13,163.10919189453125
2019-02-14,163.3094482421875
2019-02-15,163.9962615966797
2019-02-19,164.3205108642578
2019-02-20,164.2919158935547
2019-02-21,163.69097900390625
2019-02-22,164.90231323242188
2019-02-25,165.5032501220703
2019-02-26,165.6749267578125
2019-02-27,165.5699462890625
2019-02-28,165.18849182128906
2019-03-01,166.33299255371094
2019-03-04,166.3616485595703
2019-03-05,166.4856414794922
2019-03-06,165.54139709472656
2019-03-07,163.50979614257812
2019-03-08,163.26181030273438
2019-03-11,166.6573028564453
2019-03-12,167.57298278808594
2019-03-13,168.8319854736328
2019-03-14,168.54588317871094
2019-03-15,170.1100616455078
2019-03-18,170.51519775390625
2019-03-19,171.08853149414062
2019-03-20,171.76693725585938
2019-03-21,174.45199584960938
2019-03-22,170.62033081054688
2019-03-25,170.29547119140625
2019-03-26,171.08853149414062
2019-03-27,169.9897003173828
2019-03-28,170.38143920898438
2019-03-29,171.6714324951172
2019-04-01,173.9456024169922
2019-04-02,174.6048583984375
2019-04-03,175.60824584960938
2019-04-04,175.54136657714844
2019-04-05,176.44911193847656
2019-04-08,176.89820861816406
2019-04-09,176.2770538330078
2019-04-10,177.2230682373047
2019-04-11,176.8026123046875
2019-04-12,177.56700134277344
2019-04-15,177.59573364257812
2019-04-16,178.20726013183594
2019-04-17,178.828369140625
2019-04-18,179.0576934814453
2019-04-22,179.56414794921875
2019-04-23,181.8478546142578
2019-04-24,181.27450561523438
2019-04-25,182.01028442382812
2019-04-26,182.17271423339844
2019-04-29,182.52633666992188
2019-04-30,181.11204528808594
2019-05-01,180.5292205810547
2019-05-02,179.74566650390625
2019-05-03,182.61231994628906
2019-05-06,181.49432373046875
2019-05-07,177.95880126953125
2019-05-08,177.509765625
2019-05-09,176.55421447753906
2019-05-10,176.77398681640625
2019-05-13,170.63943481445312
2019-05-14,172.51226806640625
2019-05-15,174.9488983154297
2019-05-16,176.70704650878906
2019-05-17,174.901123046875
2019-05-20,171.94850158691406
2019-05-21,173.7449188232422
2019-05-22,172.97093200683594
2019-05-23,170.32411193847656
2019-05-24,170.23809814453125
2019-05-28,169.597900390625
2019-05-29,168.20281982421875
2019-05-30,168.90992736816406
2019-05-31,166.21533203125
2019-06-03,162.55560302734375
2019-06-04,167.1326446533203
2019-06-05,168.3748321533203
2019-06-06,169.71253967285156
2019-06-07,172.9900665283203
2019-06-10,175.00621032714844
2019-06-11,175.24508666992188
2019-06-12,174.23220825195312
2019-06-13,175.26422119140625
2019-06-14,174.5188446044922
2019-06-17,175.5700225830078
2019-06-18,178.12127685546875
2019-06-19,178.79013061523438
2019-06-20,180.45278930664062
2019-06-21,180.1852264404297
2019-06-24,180.19102478027344
2019-06-25,177.09779357910156
2019-06-26,177.92137145996094
2019-06-27,178.6012420654297
2019-06-28,178.8311004638672
2019-07-01,181.24435424804688
2019-07-02,181.9626007080078
2019-07-03,183.33206176757812
2019-07-05,182.95860290527344
2019-07-08,181.67532348632812
2019-07-09,182.58514404296875
2019-07-10,184.4045867919922
2019-07-11,184.27052307128906
2019-07-12,185.3335723876953
2019-07-15,185.92730712890625
2019-07-16,184.9696044921875
2019-07-17,184.05990600585938
2019-07-18,184.27052307128906
2019-07-19,182.92030334472656
2019-07-22,184.3759002685547
2019-07-23,185.58253479003906
2019-07-24,186.8849334716797
2019-07-25,185.11329650878906
2019-07-26,187.01901245117188
2019-07-29,186.3773651123047
2019-07-30,185.57298278808594
2019-07-31,183.00645446777344
2019-08-01,182.09669494628906
2019-08-02,179.415283203125
2019-08-05,173.0756378173828
2019-08-06,175.49851989746094
2019-08-07,176.4465789794922
2019-08-08,180.28675842285156
2019-08-09,178.59173583984375
2019-08-12,176.54232788085938
2019-08-13,180.4112091064453
2019-08-14,175.0196533203125
2019-08-15,174.8185577392578
2019-08-16,177.62449645996094
2019-08-19,180.4495391845703
2019-08-20,179.05137634277344
2019-08-21,180.6410675048828
2019-08-22,180.0569305419922
2019-08-23,174.35894775390625
2019-08-26,176.99246215820312
2019-08-27,176.6189422607422
2019-08-28,177.2510223388672
2019-08-29,179.9611358642578
2019-08-30,179.5301971435547
2019-09-03,177.78729248046875
2019-09-04,180.35377502441406
2019-09-05,183.65768432617188
2019-09-06,183.4757080078125
2019-09-09,183.09266662597656
2019-09-10,182.56591796875
2019-09-11,184.28013610839844
2019-09-12,185.04623413085938
2019-09-13,184.38548278808594
2019-09-16,183.56185913085938
2019-09-17,184.4429473876953
2019-09-18,184.36630249023438
2019-09-19,184.67274475097656
2019-09-20,182.7191619873047
2019-09-23,182.79974365234375
2019-09-24,180.37205505371094
2019-09-25,182.396728515625
2019-09-26,181.72506713867188
2019-09-27,179.47000122070312
2019-09-30,181.17808532714844
2019-10-01,179.7003173828125
2019-10-02,176.61048889160156
2019-10-03,178.54884338378906
2019-10-04,181.17808532714844
2019-10-07,180.6311492919922
2019-10-08,177.925048828125
2019-10-09,179.66192626953125
2019-10-10,181.05332946777344
2019-10-11,183.38511657714844
2019-10-14,183.36590576171875
2019-10-15,185.6977081298828
2019-10-16,185.23709106445312
2019-10-17,185.7264862060547
2019-10-18,183.941650390625
2019-10-21,185.572998046875
2019-10-22,184.09521484375
2019-10-23,184.45028686523438
2019-10-24,186.24465942382812
2019-10-25,187.7319793701172
2019-10-28,189.58399963378906
2019-10-29,188.1158447265625
2019-10-30,189.0274200439453
2019-10-31,189.11380004882812
2019-11-01,190.8314208984375
2019-11-04,192.01171875
2019-11-05,192.11729431152344
2019-11-06,191.6854705810547
2019-11-07,192.32839965820312
2019-11-08,193.09605407714844
2019-11-11,192.8369903564453
2019-11-12,193.3934783935547
2019-11-13,193.44149780273438
2019-11-14,193.28799438476562
2019-11-15,194.7081756591797
2019-11-18,194.86167907714844
2019-11-19,195.14956665039062
2019-11-20,193.9788818359375
2019-11-21,193.54705810546875
2019-11-22,193.67181396484375
2019-11-25,195.96519470214844
2019-11-26,196.33946228027344
2019-11-27,197.71163940429688
2019-11-29,196.80958557128906
2019-12-02,194.79454040527344
2019-12-03,193.26878356933594
2019-12-04,194.24755859375
2019-12-05,194.6314239501953
2019-12-06,196.71365356445312
2019-12-09,195.8212890625
2019-12-10,195.65809631347656
2019-12-11,196.69448852539062
2019-12-12,198.1626434326172
2019-12-13,198.81512451171875
2019-12-16,200.81105041503906
2019-12-17,200.9261932373047
2019-12-18,201.07974243164062
2019-12-19,202.33682250976562
2019-12-20,203.1524658203125
2019-12-23,203.68907165527344
2019-12-24,203.79483032226562
2019-12-26,205.59315490722656
2019-12-27,205.4200439453125
2019-12-30,204.07369995117188
2019-12-31,204.4583740234375
2020-01-02,207.8722686767578
2020-01-03,205.96817016601562
2020-01-06,207.29525756835938
2020-01-07,207.26637268066406
2020-01-08,208.82431030273438
2020-01-09,210.59373474121094
2020-01-10,210.05520629882812
2020-01-13,212.4785614013672
2020-01-14,211.6419677734375
2020-01-15,211.728515625
2020-01-16,213.75759887695312
2020-01-17,214.81544494628906
2020-01-21,214.71926879882812
2020-01-22,215.28665161132812
2020-01-23,215.9790496826172
2020-01-24,214.16151428222656
2020-01-27,209.73788452148438
2020-01-28,212.9593963623047
2020-01-29,213.30567932128906
2020-01-30,214.06533813476562
2020-01-31,210.67068481445312
2020-02-03,213.85382080078125
2020-02-04,218.74864196777344
2020-02-05,219.46987915039062
2020-02-06,221.36431884765625
2020-02-07,220.41229248046875
2020-02-10,223.07611083984375
2020-02-11,223.1145477294922
2020-02-12,225.28790283203125
2020-02-13,224.99940490722656
2020-02-14,225.64373779296875
2020-02-18,225.73023986816406
2020-02-19,227.8939666748047
2020-02-20,225.77833557128906
2020-02-21,221.44125366210938
2020-02-24,212.90179443359375
2020-02-25,207.11251831054688
2020-02-26,208.17994689941406
2020-02-27,197.75558471679688
2020-02-28,197.9094696044922
2020-03-02,208.1222686767578
2020-03-03,201.44837951660156
2020-03-04,209.85325622558594
2020-03-05,203.47747802734375
2020-03-06,200.04437255859375
2020-03-09,186.14837646484375
2020-03-10,196.28428649902344
2020-03-11,187.7351531982422
2020-03-12,170.5214385986328
2020-03-13,184.96556091308594
2020-03-16,162.8089141845703
2020-03-17,175.1566162109375
2020-03-18,169.8290252685547
2020-03-19,170.84837341308594
2020-03-20,164.15524291992188
2020-03-23,164.27378845214844
2020-03-24,176.9947052001953
2020-03-25,175.68406677246094
2020-03-26,184.9356689453125
2020-03-27,178.57521057128906
2020-03-30,185.07058715820312
2020-03-31,183.4900665283203
2020-04-01,175.6937255859375
2020-04-02,179.25941467285156
2020-04-03,176.7152557373047
2020-04-06,189.34945678710938
2020-04-07,189.27236938476562
2020-04-08,193.29104614257812
2020-04-09,193.57052612304688
2020-04-13,195.6617431640625
2020-04-14,204.1713409423828
2020-04-15,201.8295135498047
2020-04-16,205.51083374023438
2020-04-17,207.47682189941406
2020-04-20,205.0193634033203
2020-04-21,197.4542694091797
2020-04-22,203.3135986328125
2020-04-23,202.87994384765625
2020-04-24,206.0794219970703
2020-04-27,207.7370147705078
2020-04-28,203.8243865966797
2020-04-29,211.05215454101562
2020-04-30,210.9654541015625
2020-05-01,205.0193634033203
2020-05-04,207.4093780517578
2020-05-05,209.76083374023438
2020-05-06,211.05215454101562
2020-05-07,213.76988220214844
2020-05-08,216.6995086669922
2020-05-11,218.6365509033203
2020-05-12,214.0589599609375
2020-05-13,211.37986755371094
2020-05-14,213.77944946289062
2020-05-15,215.16722106933594
2020-05-18,219.17623901367188
2020-05-19,218.626953125
2020-05-20,222.99252319335938
2020-05-21,220.56396484375
2020-05-22,221.32533264160156
2020-05-26,220.72784423828125
2020-05-27,221.9324493408203
2020-05-28,221.6433563232422
2020-05-29,224.8910369873047
2020-06-01,225.5656280517578
2020-06-02,227.07864379882812
2020-06-03,228.10018920898438
2020-06-04,226.50042724609375
2020-06-05,230.99127197265625
2020-06-08,232.78384399414062
2020-06-09,234.47032165527344
2020-06-10,237.28431701660156
2020-06-11,225.52708435058594
2020-06-12,227.319580078125
2020-06-15,230.08541870117188
2020-06-16,234.03663635253906
2020-06-17,234.7786865234375
2020-06-18,235.41470336914062
2020-06-19,235.376220703125
2020-06-22,238.1989288330078
2020-06-23,240.22628784179688
2020-06-24,235.2738800048828
2020-06-25,237.5135498046875
2020-06-26,231.9046630859375
2020-06-29,234.43397521972656
2020-06-30,239.02919006347656
2020-07-01,241.81915283203125
2020-07-02,243.46031188964844
2020-07-06,249.44569396972656
2020-07-07,247.727294921875
2020-07-08,250.9902801513672
2020-07-09,253.10443115234375
2020-07-10,254.83251953125
2020-07-13,249.59051513671875
2020-07-14,251.35714721679688
2020-07-15,251.8687744140625
2020-07-16,250.150390625
2020-07-17,250.44009399414062
2020-07-20,257.5452880859375
2020-07-21,254.8615264892578
2020-07-22,255.75933837890625
2020-07-23,249.078857421875
2020-07-24,246.71368408203125
2020-07-27,251.11578369140625
2020-07-28,247.92039489746094
2020-07-29,250.77793884277344
2020-07-30,252.0908203125
2020-07-31,256.5895690917969
2020-08-03,260.0552673339844
2020-08-04,261.0206298828125
2020-08-05,261.6674499511719
2020-08-06,265.1332092285156
2020-08-07,262.0728759765625
2020-08-10,260.95306396484375
2020-08-11,256.0102844238281
2020-08-12,262.449462890625
2020-08-13,263.0480041503906
2020-08-14,262.7389831542969
2020-08-17,265.7896423339844
2020-08-18,268.3479919433594
2020-08-19,266.5426940917969
2020-08-20,270.24005126953125
2020-08-21,272.11297607421875
2020-08-24,273.8121032714844
2020-08-25,275.9648132324219
2020-08-26,281.8536376953125
2020-08-27,280.9751281738281
2020-08-28,282.4039306640625
2020-08-31,284.6726379394531
2020-09-01,289.53814697265625
2020-09-02,292.2797546386719
2020-09-03,277.4612121582031
2020-09-04,273.76373291015625
2020-09-08,260.60565185546875
2020-09-09,268.26104736328125
2020-09-10,262.9128112792969
2020-09-11,261.0882263183594
2020-09-14,265.6352233886719
2020-09-15,269.4002685546875
2020-09-16,265.1042175292969
2020-09-17,260.9627685546875
2020-09-18,257.6321105957031
2020-09-21,258.2500305175781
2020-09-22,263.0480041503906
2020-09-23,255.0159912109375
2020-09-24,256.2032775878906
2020-09-25,262.1597900390625
2020-09-28,267.6046447753906
2020-09-29,266.3978576660156
2020-09-30,268.2223205566406
2020-10-01,272.4797668457031
2020-10-02,264.8145751953125
2020-10-05,270.4620666503906
2020-10-06,265.6352233886719
2020-10-07,270.2304382324219
2020-10-08,271.6688537597656
2020-10-09,275.8199157714844
2020-10-12,284.3345947265625
2020-10-13,284.3251037597656
2020-10-14,281.9501037597656
2020-10-15,280.05792236328125
2020-10-16,278.5231018066406
2020-10-19,273.97607421875
2020-10-20,274.5650329589844
2020-10-21,274.35260009765625
2020-10-22,274.343017578125
2020-10-23,274.8835754394531
2020-10-26,270.76141357421875
2020-10-27,272.8756103515625
2020-10-28,262.237060546875
2020-10-29,266.82257080078125
2020-10-30,260.0552673339844
2020-11-02,260.634521484375
2020-11-03,265.142822265625
2020-11-04,276.9784240722656
2020-11-05,284.1995544433594
2020-11-06,284.41192626953125
2020-11-09,278.60028076171875
2020-11-10,273.6093444824219
2020-11-11,279.7297668457031
2020-11-12,278.41680908203125
2020-11-13,280.8592834472656
2020-11-16,283.0508117675781
2020-11-17,282.15289306640625
2020-11-18,280.06768798828125
2020-11-19,282.25921630859375
2020-11-20,280.3283386230469
2020-11-23,280.3380432128906
2020-11-24,284.2767333984375
2020-11-25,286.0240783691406
2020-11-27,288.6596374511719
2020-11-30,289.2485046386719
2020-12-01,292.9556579589844
2020-12-02,293.3321228027344
2020-12-03,293.7471923828125
2020-12-04,294.9442443847656
2020-12-07,296.6143493652344
2020-12-08,297.6184387207031
2020-12-09,290.8799743652344
2020-12-10,292.0481262207031
2020-12-11,291.40130615234375
2020-12-14,293.5154724121094
2020-12-15,296.6529846191406
2020-12-16,298.28460693359375
2020-12-17,300.23455810546875
2020-12-18,299.3271789550781
2020-12-21,298.76715087890625
2020-12-22,299.57952880859375
2020-12-23,298.07073974609375
2020-12-24,299.3860168457031
2020-12-28,302.4035339355469
2020-12-29,302.67437744140625
2020-12-30,302.6839904785156
2020-12-31,303.4287414550781
2021-01-04,299.1442565917969
2021-01-05,301.6104431152344
2021-01-06,297.43255615234375
2021-01-07,304.6280212402344
2021-01-08,308.5448913574219
2021-01-11,304.0863952636719
2021-01-12,303.6028747558594
2021-01-13,305.6532287597656
2021-01-14,304.0186462402344
2021-01-15,301.6104431152344
2021-01-19,306.0110168457031
2021-01-20,313.12908935546875
2021-01-21,315.6339111328125
2021-01-22,314.7248840332031
2021-01-25,317.3263854980469
2021-01-26,317.7906188964844
2021-01-27,308.93170166015625
2021-01-28,310.7596130371094
2021-01-29,304.2218017578125
2021-02-01,311.8234558105469
2021-02-02,316.91064453125
2021-02-03,315.65325927734375
2021-02-04,319.38641357421875
2021-02-05,320.4696044921875
2021-02-08,322.6166687011719
2021-02-09,322.5489196777344
2021-02-10,321.8139343261719
2021-02-11,323.5837707519531
2021-02-12,325.39239501953125
2021-02-16,324.51220703125
2021-02-17,322.9552001953125
2021-02-18,321.54315185546875
2021-02-19,320.1408386230469
2021-02-22,311.84283447265625
2021-02-23,310.9143371582031
2021-02-24,313.477294921875
2021-02-25,302.54864501953125
2021-02-26,303.8156433105469
2021-03-01,312.9550476074219
2021-03-02,307.935546875
2021-03-03,298.999267578125
2021-03-04,294.1055908203125
2021-03-05,298.5350646972656
2021-03-08,290.0822448730469
2021-03-09,301.5234680175781
2021-03-10,300.6627197265625
2021-03-11,307.58740234375
2021-03-12,305.0921630859375
2021-03-15,308.3514099121094
2021-03-16,310.0439453125
2021-03-17,311.320556640625
2021-03-18,301.78466796875
2021-03-19,302.84844970703125
2021-03-22,308.5278625488281
2021-03-23,307.1818542480469
2021-03-24,302.00115966796875
2021-03-25,301.4781799316406
2021-03-26,306.00048828125
2021-03-29,305.9132385253906
2021-03-30,304.3736267089844
2021-03-31,309.03143310546875
2021-04-01,314.2992248535156
2021-04-05,320.5741271972656
2021-04-06,320.35150146484375
2021-04-07,321.12615966796875
2021-04-08,324.4765625
2021-04-09,326.4423828125
2021-04-12,326.01641845703125
2021-04-13,329.82196044921875
2021-04-14,325.86138916015625
2021-04-15,330.7999267578125
2021-04-16,331.1873474121094
2021-04-19,328.15643310546875
2021-04-20,325.7646789550781
2021-04-21,328.553466796875
2021-04-22,324.59283447265625
2021-04-23,328.6793518066406
2021-04-26,330.8193054199219
2021-04-27,329.3862609863281
2021-04-28,328.27252197265625
2021-04-29,329.4540100097656
2021-04-30,327.2945556640625
2021-05-03,325.5516052246094
2021-05-04,319.69293212890625
2021-05-05,318.6180725097656
2021-05-06,321.0196533203125
2021-05-07,323.6244812011719
2021-05-10,315.45159912109375
2021-05-11,315.01593017578125
2021-05-12,306.8622741699219
2021-05-13,309.2347106933594
2021-05-14,316.0616760253906
2021-05-17,314.1442565917969
2021-05-18,312.0235595703125
2021-05-19,312.3819274902344
2021-05-20,318.4244079589844
2021-05-21,316.662109375
2021-05-24,321.9879455566406
2021-05-25,322.4334411621094
2021-05-26,323.5567626953125
2021-05-27,322.3462219238281
2021-05-28,323.3630676269531
2021-06-01,322.28814697265625
2021-06-02,322.9176025390625
2021-06-03,319.557373046875
2021-06-04,324.98016357421875
2021-06-07,325.9485778808594
2021-06-08,326.1034851074219
2021-06-09,326.1809997558594
2021-06-10,329.5798645019531
2021-06-11,330.44171142578125
2021-06-14,333.6082458496094
2021-06-15,331.4294128417969
2021-06-16,330.21893310546875
2021-06-17,334.41204833984375
2021-06-18,331.7877197265625
2021-06-21,333.8498229980469
2021-06-22,336.9619140625
2021-06-23,337.126708984375
2021-06-24,339.2110900878906
2021-06-25,338.7941589355469
2021-06-28,342.9144592285156
2021-06-29,344.1553649902344
2021-06-30,343.6123962402344
2021-07-01,343.7481994628906
2021-07-02,347.6940002441406
2021-07-06,349.1966552734375
2021-07-07,349.9335632324219
2021-07-08,347.820068359375
2021-07-09,349.99163818359375
2021-07-12,351.3586730957031
2021-07-13,351.3586730957031
2021-07-14,351.98883056640625
2021-07-15,349.5166320800781
2021-07-16,346.68572998046875
2021-07-19,343.8451843261719
2021-07-20,347.8394470214844
2021-07-21,350.5248718261719
2021-07-22,352.8419494628906
2021-07-23,356.9622497558594
2021-07-26,357.2433166503906
2021-07-27,353.30731201171875
2021-07-28,354.6645202636719
2021-07-29,355.294677734375
2021-07-30,353.4429931640625
2021-08-02,353.4720458984375
2021-08-03,355.6147155761719
2021-08-04,356.1285095214844
2021-08-05,358.3874206542969
2021-08-06,356.81671142578125
2021-08-09,357.47601318359375
2021-08-10,355.6436462402344
2021-08-11,355.032958984375
2021-08-12,356.3125915527344
2021-08-13,357.5632629394531
2021-08-16,357.7184753417969
2021-08-17,354.567626953125
2021-08-18,351.155029296875
2021-08-19,352.8515625
2021-08-20,356.50653076171875
2021-08-23,361.83868408203125
2021-08-24,362.94390869140625
2021-08-25,363.36077880859375
2021-08-26,361.0534362792969
2021-08-27,364.5628967285156
2021-08-30,368.6540832519531
2021-08-31,368.3536376953125
2021-09-01,368.9643249511719
2021-09-02,368.7898254394531
2021-09-03,369.924072265625
2021-09-07,370.4476623535156
2021-09-08,369.1581726074219
2021-09-09,367.88824462890625
2021-09-10,365.0961608886719
2021-09-13,364.843994140625
2021-09-14,363.8067321777344
2021-09-15,366.5115661621094
2021-09-16,366.76361083984375
2021-09-17,362.42034912109375
2021-09-20,354.9315490722656
2021-09-21,355.3683166503906
2021-09-22,358.6876525878906
2021-09-23,361.99725341796875
2021-09-24,362.3368835449219
2021-09-27,359.4446105957031
2021-09-28,349.2732849121094
2021-09-29,348.7006530761719
2021-09-30,347.4195251464844
2021-10-01,349.5741882324219
2021-10-04,342.23675537109375
2021-10-05,346.8565673828125
2021-10-06,349.0791015625
2021-10-07,352.281982421875
2021-10-08,350.5252685546875
2021-10-11,347.8368835449219
2021-10-12,346.6236572265625
2021-10-13,349.39947509765625
2021-10-14,355.83416748046875
2021-10-15,358.076171875
2021-10-18,361.67694091796875
2021-10-19,364.4139709472656
2021-10-20,363.9383850097656
2021-10-21,366.16082763671875
2021-10-22,363.0842590332031
2021-10-25,366.8013916015625
2021-10-26,367.95635986328125
2021-10-27,368.81048583984375
2021-10-28,372.90625
2021-10-29,374.7405700683594
2021-11-01,376.021728515625
2021-11-02,377.5940246582031
2021-11-03,381.60235595703125
2021-11-04,386.49395751953125
2021-11-05,386.86279296875
2021-11-08,386.3387451171875
2021-11-09,383.6793212890625
2021-11-10,378.0404052734375
2021-11-11,379.0885925292969
2021-11-12,383.0776672363281
2021-11-15,382.99029541015625
2021-11-16,385.7174987792969
2021-11-17,385.9213562011719
2021-11-18,389.9200439453125
2021-11-19,392.0941162109375
2021-11-22,387.54217529296875
2021-11-23,385.77581787109375
2021-11-24,387.0180969238281
2021-11-26,379.6807556152344
2021-11-29,387.9207763671875
2021-11-30,382.2236022949219
2021-12-01,375.7208557128906
2021-12-02,378.4287109375
2021-12-03,371.8482971191406
2021-12-06,374.8279724121094
2021-12-07,386.11541748046875
2021-12-08,387.8430480957031
2021-12-09,382.13623046875
2021-12-10,386.2901916503906
2021-12-13,380.7095031738281
2021-12-14,376.76898193359375
2021-12-15,385.35845947265625
2021-12-16,375.44915771484375
2021-12-17,373.5759582519531
2021-12-20,369.95208740234375
2021-12-21,378.2317199707031
2021-12-22,382.8380432128906
2021-12-23,385.7243347167969
2021-12-27,392.0993347167969
2021-12-28,390.28204345703125
2021-12-29,390.2237243652344
2021-12-30,389.0575866699219
2021-12-31,386.6280822753906
2022-01-03,390.3500061035156
2022-01-04,385.2870178222656
2022-01-05,373.4505920410156
2022-01-06,373.1881408691406
2022-01-07,369.1454772949219
2022-01-10,369.3884582519531
2022-01-11,374.93743896484375
2022-01-12,376.4242248535156
2022-01-13,367.0075988769531
2022-01-14,369.29132080078125
2022-01-18,360.09814453125
2022-01-19,356.1429138183594
2022-01-20,351.5172119140625
2022-01-21,341.77008056640625
2022-01-24,343.3346252441406
2022-01-25,335.3756408691406
2022-01-26,334.8509521484375
2022-01-27,331.47882080078125
2022-01-28,341.8769836425781
2022-01-31,352.80963134765625
2022-02-01,355.2099914550781
2022-02-02,358.09625244140625
2022-02-03,343.5776672363281
2022-02-04,347.9118347167969
2022-02-07,345.11297607421875
2022-02-08,348.9905700683594
2022-02-09,356.3858642578125
2022-02-10,348.3199768066406
2022-02-11,337.27069091796875
2022-02-14,337.6885681152344
2022-02-15,346.0848083496094
2022-02-16,345.9974060058594
2022-02-17,335.7060546875
2022-02-18,331.87725830078125
2022-02-22,328.5439758300781
2022-02-23,320.12823486328125
2022-02-24,330.8859558105469
2022-02-25,336.01702880859375
2022-02-28,337.0179138183594
2022-03-01,331.8577575683594
2022-03-02,337.42620849609375
2022-03-03,332.6060791015625
2022-03-04,327.7859802246094
2022-03-07,315.6968688964844
2022-03-08,314.2294006347656
2022-03-09,325.5411376953125
2022-03-10,321.926025390625
2022-03-11,315.2498474121094
2022-03-14,309.1955261230469
2022-03-15,318.8940124511719
2022-03-16,330.7207946777344
2022-03-17,334.7245788574219
2022-03-18,341.57574462890625
2022-03-21,340.6260681152344
2022-03-22,347.3202819824219
2022-03-23,342.3287658691406
2022-03-24,349.9376525878906
2022-03-25,349.6457824707031
2022-03-28,355.0556335449219
2022-03-29,361.16595458984375
2022-03-30,357.1767272949219
2022-03-31,352.74957275390625
2022-04-01,352.0782470703125
2022-04-04,359.3270263671875
2022-04-05,351.3485107421875
2022-04-06,343.7202453613281
2022-04-07,344.5374755859375
2022-04-08,339.72119140625
2022-04-11,331.6842346191406
2022-04-12,330.28314208984375
2022-04-13,336.9967346191406
2022-04-14,329.2906799316406
2022-04-18,329.5437316894531
2022-04-19,336.90924072265625
2022-04-20,331.99560546875
2022-04-21,325.1262512207031
2022-04-22,316.6125793457031
2022-04-25,320.6797180175781
2022-04-26,308.57568359375
2022-04-27,308.2059020996094
2022-04-28,319.1520690917969
2022-04-29,304.79071044921875
2022-05-02,309.87945556640625
2022-05-03,310.2102966308594
2022-05-04,320.6991882324219
2022-05-05,304.5473937988281
2022-05-06,300.89874267578125
2022-05-09,289.1253967285156
2022-05-10,292.637939453125
2022-05-11,283.9588317871094
2022-05-12,283.2874450683594
2022-05-13,293.7861633300781
2022-05-16,290.3807067871094
2022-05-17,297.90191650390625
2022-05-18,283.27777099609375
2022-05-19,281.7598876953125
2022-05-20,280.8841857910156
2022-05-23,285.5545959472656
2022-05-24,279.4830627441406
2022-05-25,283.3945617675781
2022-05-26,291.24658203125
2022-05-27,300.7527770996094
2022-05-31,299.954833984375
2022-06-01,297.7364501953125
2022-06-02,305.89013671875
2022-06-03,297.93109130859375
2022-06-06,298.9234924316406
2022-06-07,301.50189208984375
2022-06-08,299.33221435546875
2022-06-09,291.3147277832031
2022-06-10,281.03985595703125
2022-06-13,267.97259521484375
2022-06-14,268.4590148925781
2022-06-15,275.1629943847656
2022-06-16,264.0611572265625
2022-06-17,267.27191162109375
2022-06-21,274.01513671875
2022-06-22,273.6154479980469
2022-06-23,277.6904602050781
2022-06-24,287.2050476074219
2022-06-27,285.099365234375
2022-06-28,276.4133605957031
2022-06-29,276.666748046875
2022-06-30,273.2351989746094
2022-07-01,275.0387268066406
2022-07-05,279.7473449707031
2022-07-06,281.5411071777344
2022-07-07,287.5657958984375
2022-07-08,287.92645263671875
2022-07-11,281.7750244140625
2022-07-12,279.04541015625
2022-07-13,278.47027587890625
2022-07-14,279.464599609375
2022-07-15,284.5339050292969
2022-07-18,282.1259765625
2022-07-19,290.8023376464844
2022-07-20,295.4134216308594
2022-07-21,299.6541748046875
2022-07-22,294.39959716796875
2022-07-25,292.72271728515625
2022-07-26,286.9710693359375
2022-07-27,299.09844970703125
2022-07-28,302.02301025390625
2022-07-29,307.5310363769531
2022-08-01,307.34576416015625
2022-08-02,306.42938232421875
2022-08-03,314.7742919921875
2022-08-04,316.246337890625
2022-08-05,313.66290283203125
2022-08-08,312.6490478515625
2022-08-09,309.1103210449219
2022-08-10,317.7378234863281
2022-08-11,315.934326171875
2022-08-12,322.0857849121094
2022-08-15,324.6886291503906
2022-08-16,323.9281921386719
2022-08-17,320.2334899902344
2022-08-18,321.0036926269531
2022-08-19,314.7449645996094
2022-08-22,306.4587097167969
2022-08-23,306.20526123046875
2022-08-24,307.0923156738281
2022-08-25,312.5223083496094
2022-08-26,299.712646484375
2022-08-29,296.75872802734375
2022-08-30,293.45391845703125
2022-08-31,291.7479553222656
2022-09-01,291.87469482421875
2022-09-02,287.75091552734375
2022-09-06,285.68426513671875
2022-09-07,291.4554748535156
2022-09-08,292.96649169921875
2022-09-09,299.3713684082031
2022-09-12,302.9295959472656
2022-09-13,286.3179931640625
2022-09-14,288.5893859863281
2022-09-15,283.7833557128906
2022-09-16,282.0480651855469
2022-09-19,284.244384765625
2022-09-20,281.9787292480469
2022-09-21,276.92962646484375
2022-09-22,273.52117919921875
2022-09-23,269.0678405761719
2022-09-26,267.9544982910156
2022-09-27,268.06195068359375
2022-09-28,273.39422607421875
2022-09-29,265.512939453125
2022-09-30,261.0107727050781
2022-10-03,267.1341857910156
2022-10-04,275.5329895019531
2022-10-05,275.3865966796875
2022-10-06,273.21844482421875
2022-10-07,262.8077087402344
2022-10-10,260.1805419921875
2022-10-11,256.606201171875
2022-10-12,256.51824951171875
2022-10-13,262.53424072265625
2022-10-14,254.64315795898438
2022-10-17,263.0518798828125
2022-10-18,265.1320495605469
2022-10-19,264.1651611328125
2022-10-20,262.8174743652344
2022-10-21,268.9799499511719
2022-10-24,271.9390563964844
2022-10-25,277.5644226074219
2022-10-26,271.4311828613281
2022-10-27,266.4895935058594
2022-10-28,274.644287109375
2022-10-31,271.45074462890625
2022-11-01,268.6771545410156
2022-11-02,259.4676818847656
2022-11-03,254.3990478515625
2022-11-04,258.4909973144531
2022-11-07,261.3330078125
2022-11-08,263.2373962402344
2022-11-09,257.16290283203125
2022-11-10,276.1385498046875
2022-11-11,281.2266540527344
2022-11-14,278.765625
2022-11-15,282.6232604980469
2022-11-16,278.765625
2022-11-17,278.1503601074219
2022-11-18,278.1601257324219
2022-11-21,275.2986755371094
2022-11-22,279.2637023925781
2022-11-23,282.066650390625
2022-11-25,280.21099853515625
2022-11-28,276.09942626953125
2022-11-29,274.009521484375
2022-11-30,286.5003356933594
2022-12-01,286.85198974609375
2022-12-02,285.7093811035156
2022-12-05,280.91424560546875
2022-12-06,275.093505859375
2022-12-07,273.97039794921875
2022-12-08,277.21282958984375
2022-12-09,275.44512939453125
2022-12-12,278.9023132324219
2022-12-13,281.9006042480469
2022-12-14,279.8106384277344
2022-12-15,270.4156188964844
2022-12-16,267.83734130859375
2022-12-19,264.0732421875
2022-12-20,263.8677062988281
2022-12-21,267.6953125
2022-12-22,261.14617919921875
2022-12-23,261.73345947265625
2022-12-27,258.03302001953125
2022-12-28,254.6262969970703
2022-12-29,260.8328552246094
2022-12-30,260.6762390136719
2023-01-03,258.91412353515625
2023-01-04,260.14764404296875
2023-01-05,256.0751647949219
2023-01-06,263.1431884765625
2023-01-09,264.8465881347656
2023-01-10,267.0884094238281
2023-01-11,271.7090148925781
2023-01-12,273.1774597167969
2023-01-13,275.0570983886719
2023-01-17,275.6150817871094
2023-01-18,272.03216552734375
2023-01-19,269.3595275878906
2023-01-20,276.7310791015625
2023-01-23,282.87896728515625
2023-01-24,282.3013000488281
2023-01-25,281.6748352050781
2023-01-26,287.16668701171875
2023-01-27,290.0252990722656
2023-01-30,284.16131591796875
2023-01-31,288.4197692871094
2023-02-01,294.5871887207031
2023-02-02,305.1599426269531
2023-02-03,299.73651123046875
2023-02-06,297.2010803222656
2023-02-07,303.35870361328125
2023-02-08,297.964599609375
2023-02-09,295.331298828125
2023-02-10,293.3929138183594
2023-02-13,298.09197998046875
2023-02-14,300.2945251464844
2023-02-15,302.5951232910156
2023-02-16,296.9171142578125
2023-02-17,294.8222351074219
2023-02-21,287.84222412109375
2023-02-22,288.0575866699219
2023-02-23,290.5735168457031
2023-02-24,285.7080993652344
2023-02-27,287.7541198730469
2023-02-28,287.382080078125
2023-03-01,285.07183837890625
2023-03-02,287.4310607910156
2023-03-03,293.3733215332031
2023-03-06,293.7061767578125
2023-03-07,290.1036071777344
2023-03-08,291.5525207519531
2023-03-09,286.5010070800781
2023-03-10,282.4775695800781
2023-03-13,284.572509765625
2023-03-14,291.1119689941406
2023-03-15,292.6391296386719
2023-03-16,300.353271484375
2023-03-17,298.93377685546875
2023-03-20,299.9947204589844
2023-03-21,304.2793273925781
2023-03-22,300.1417541503906
2023-03-23,303.7008972167969
2023-03-24,304.818603515625
2023-03-27,302.730224609375
2023-03-28,301.1221923828125
2023-03-29,306.6128845214844
2023-03-30,309.5151062011719
2023-03-31,314.6625061035156
2023-04-03,313.89776611328125
2023-04-04,312.8388671875
2023-04-05,309.7503662109375
2023-04-06,311.8387451171875
2023-04-10,311.6623229980469
2023-04-11,309.6620788574219
2023-04-12,306.9266357421875
2023-04-13,312.9369812011719
2023-04-14,312.34869384765625
2023-04-17,312.6133117675781
2023-04-18,312.6329650878906
2023-04-19,312.4858703613281
2023-04-20,310.1033020019531
2023-04-21,310.4268798828125
2023-04-24,309.77984619140625
2023-04-25,303.9361877441406
2023-04-26,305.7795104980469
2023-04-27,314.0939025878906
2023-04-28,316.26068115234375
2023-05-01,315.8978576660156
2023-05-02,313.142822265625
2023-05-03,311.0936584472656
2023-05-04,309.9955749511719
2023-05-05,316.5842590332031
2023-05-08,317.36865234375
2023-05-09,315.3586730957031
2023-05-10,318.79034423828125
2023-05-11,319.8295593261719
2023-05-12,318.6824645996094
2023-05-15,320.4080505371094
2023-05-16,320.7708435058594
2023-05-17,324.65350341796875
2023-05-18,330.683349609375
2023-05-19,329.93829345703125
2023-05-22,331.046142578125
2023-05-23,326.8497314453125
2023-05-24,325.1731872558594
2023-05-25,333.0855712890625
2023-05-26,341.5960388183594
2023-05-30,343.145263671875
2023-05-31,341.194091796875
2023-06-01,345.13555908203125
2023-06-02,347.7239685058594
2023-06-05,347.9690856933594
2023-06-06,347.9102783203125
2023-06-07,342.0079345703125
2023-06-08,346.25323486328125
2023-06-09,347.5769348144531
2023-06-12,353.4499206542969
2023-06-13,356.16583251953125
2023-06-14,358.7543029785156
2023-06-15,363.0292053222656
2023-06-16,360.74468994140625
2023-06-20,360.22821044921875
2023-06-21,355.3190612792969
2023-06-22,359.51153564453125
2023-06-23,355.947509765625
2023-06-26,351.1758728027344
2023-06-27,357.2140808105469
2023-06-28,357.9111328125
2023-06-29,357.1944274902344
2023-06-30,362.702392578125
2023-07-03,363.55657958984375
2023-07-05,363.5467224121094
2023-07-06,360.7780456542969
2023-07-07,359.5801696777344
2023-07-10,359.69805908203125
2023-07-11,361.47515869140625
2023-07-12,366.04052734375
2023-07-13,372.25543212890625
2023-07-14,372.1769714355469
2023-07-17,375.6524963378906
2023-07-18,378.7256164550781
2023-07-19,378.63726806640625
2023-07-20,369.9089050292969
2023-07-21,368.7994384765625
2023-07-24,369.3885192871094
2023-07-25,371.8921813964844
2023-07-26,370.65509033203125
2023-07-27,369.771484375
2023-07-28,376.5067443847656
2023-07-31,376.70306396484375
2023-08-01,375.8292541503906
2023-08-02,367.58203125
2023-08-03,366.992919921875
2023-08-04,365.27471923828125
2023-08-07,368.3675231933594
2023-08-08,365.2355041503906
2023-08-09,361.21990966796875
2023-08-10,361.8875427246094
2023-08-11,359.5801696777344
2023-08-14,363.6155090332031
2023-08-15,359.7569580078125
2023-08-16,355.947509765625
2023-08-17,352.0594787597656
2023-08-18,351.6176452636719
2023-08-21,357.2827453613281
2023-08-22,356.7722473144531
2023-08-23,362.3979797363281
2023-08-24,354.6514892578125
2023-08-25,357.400634765625
2023-08-28,360.09075927734375
2023-08-29,367.9551086425781
2023-08-30,370.007080078125
2023-08-31,371.1165466308594
2023-09-01,370.723876953125
2023-09-05,371.19512939453125
2023-09-06,367.9256591796875
2023-09-07,365.29437255859375
2023-09-08,365.804931640625
2023-09-11,370.1150817871094
2023-09-12,366.01104736328125
2023-09-13,367.4052734375
2023-09-14,370.40960693359375
2023-09-15,364.06707763671875
2023-09-18,364.4466857910156
2023-09-19,363.669921875
2023-09-20,358.42926025390625
2023-09-21,351.8611755371094
2023-09-22,351.910400390625
2023-09-25,353.581787109375
2023-09-26,348.27239990234375
2023-09-27,349.0885009765625
2023-09-28,352.0086975097656
2023-09-29,352.26434326171875
2023-10-02,355.20416259765625
2023-10-03,348.97052001953125
2023-10-04,353.7195129394531
2023-10-05,352.6772766113281
2023-10-06,358.5865783691406
2023-10-09,360.4153137207031
2023-10-10,362.411376953125
2023-10-11,364.9972839355469
2023-10-12,363.7288513183594
2023-10-13,359.1568603515625
2023-10-16,363.21759033203125
2023-10-17,362.0279541015625
2023-10-18,357.27886962890625
2023-10-19,353.9358215332031
2023-10-20,348.65582275390625
2023-10-23,349.7079162597656
2023-10-24,353.1098937988281
2023-10-25,344.4672546386719
2023-10-26,337.89923095703125
2023-10-27,339.52154541015625
2023-10-30,343.3463439941406
2023-10-31,344.98834228515625
2023-11-01,350.9762878417969
2023-11-02,357.34765625
2023-11-03,361.54608154296875
2023-11-06,363.0209045410156
2023-11-07,366.45245361328125
2023-11-08,366.68841552734375
2023-11-09,363.86651611328125
2023-11-10,372.0470886230469
2023-11-13,370.8868408203125
2023-11-14,378.87078857421875
2023-11-15,379.1559143066406
2023-11-16,379.4803771972656
2023-11-17,379.56884765625
2023-11-20,384.19000244140625
2023-11-21,381.9581298828125
2023-11-22,383.5214538574219
2023-11-24,382.98065185546875
2023-11-27,382.6463623046875
2023-11-28,383.64923095703125
2023-11-29,383.2756042480469
2023-11-30,382.31201171875
2023-12-01,383.4034729003906
2023-12-04,379.8441162109375
2023-12-05,380.7978820800781
2023-12-06,378.5953674316406
2023-12-07,383.8852844238281
2023-12-08,385.5960998535156
2023-12-11,388.889892578125
2023-12-12,391.9870910644531
2023-12-13,396.9720764160156
2023-12-14,396.6280212402344
2023-12-15,398.5452880859375
2023-12-18,401.0555419921875
2023-12-19,403.10479736328125
2023-12-20,397.11474609375
2023-12-21,401.73541259765625
2023-12-22,402.3363342285156
2023-12-26,404.79931640625
2023-12-27,405.6233825683594
2023-12-28,405.42626953125
2023-12-29,403.67169189453125
2024-01-02,396.84063720703125
2024-01-03,392.6415100097656
2024-01-04,390.6207580566406
2024-01-05,391.0840759277344
2024-01-08,399.1669921875
2024-01-09,399.95562744140625
2024-01-10,402.666259765625
2024-01-11,403.50408935546875
2024-01-12,403.7111511230469
2024-01-16,403.67169189453125
2024-01-17,401.39471435546875
2024-01-18,407.0921325683594
2024-01-19,415.1651916503906
2024-01-22,415.7073669433594
2024-01-23,417.4324035644531
2024-01-24,419.7488098144531
2024-01-25,420.2613525390625
2024-01-26,417.7576599121094
2024-01-29,422.03564453125
2024-01-30,419.22637939453125
2024-01-31,411.0152893066406
2024-02-01,415.855224609375
2024-02-02,422.8833923339844
2024-02-05,422.33135986328125
2024-02-06,421.4836730957031
2024-02-07,425.82080078125
2024-02-08,426.609375
2024-02-09,430.80859375
2024-02-12,429.123046875
2024-02-13,422.4299621582031
2024-02-14,427.03326416015625
2024-02-15,428.30487060546875
2024-02-16,424.42108154296875
2024-02-20,421.2174987792969
2024-02-21,419.53192138671875
2024-02-22,431.81396484375
2024-02-23,430.54241943359375
2024-02-26,430.31573486328125
2024-02-27,431.3506774902344
2024-02-28,429.0539855957031
2024-02-29,432.7306823730469
2024-03-01,439.2463073730469
2024-03-04,437.6790466308594
2024-03-05,429.8228759765625
2024-03-06,432.52374267578125
2024-03-07,439.0885925292969
2024-03-08,432.7503967285156
2024-03-11,431.1437072753906
2024-03-12,437.3241271972656
2024-03-13,433.962890625
2024-03-14,432.8687438964844
2024-03-15,427.7232360839844
2024-03-18,431.80267333984375
2024-03-19,432.8784484863281
2024-03-20,438.01092529296875
2024-03-21,440.083740234375
2024-03-22,440.5871276855469
2024-03-25,438.9881591796875
2024-03-26,437.5668029785156
2024-03-27,439.0572204589844
2024-03-28,438.24786376953125
2024-04-01,439.17572021484375
2024-04-02,435.385498046875
2024-04-03,436.3626403808594
2024-04-04,429.6904296875
2024-04-05,434.7538146972656
2024-04-08,434.8821716308594
2024-04-09,436.4909973144531
2024-04-10,432.6810302734375
2024-04-11,439.5902404785156
2024-04-12,432.5823974609375
2024-04-15,425.4659729003906
2024-04-16,425.5054931640625
2024-04-17,420.3136901855469
2024-04-18,417.9152526855469
2024-04-19,409.2689208984375
2024-04-22,413.38482666015625
2024-04-23,419.55364990234375
2024-04-24,420.97503662109375
2024-04-25,418.9417419433594
2024-04-26,425.40673828125
2024-04-29,427.134033203125
2024-04-30,419.0799255371094
2024-05-01,416.0497741699219
2024-05-02,421.35992431640625
2024-05-03,429.82861328125
2024-05-06,434.5367126464844
2024-05-07,434.60577392578125
2024-05-08,434.3490905761719
2024-05-09,435.29669189453125
2024-05-10,436.3231506347656
2024-05-13,437.3299560546875
2024-05-14,440.1429443359375
2024-05-15,447.02252197265625
2024-05-16,446.1144714355469
2024-05-17,445.8973388671875
2024-05-20,449.0064392089844
2024-05-21,449.8848876953125
2024-05-22,449.79608154296875
2024-05-23,447.772705078125
2024-05-24,452.0069885253906
2024-05-28,453.7145080566406
2024-05-29,450.5166015625
2024-05-30,445.6900329589844
2024-05-31,444.8609313964844
2024-06-03,447.2495422363281
2024-06-04,448.4734802246094
2024-06-05,457.5145263671875
2024-06-06,457.35662841796875
2024-06-07,456.9519348144531
2024-06-10,458.79766845703125
2024-06-11,461.9462585449219
2024-06-12,467.99676513671875
2024-06-13,470.53338623046875
2024-06-14,472.97137451171875
2024-06-17,478.76513671875
2024-06-18,478.9132385253906
2024-06-20,475.2216796875
2024-06-21,473.948486328125
2024-06-24,468.5527648925781
2024-06-25,473.9109802246094
2024-06-26,474.8896179199219
2024-06-27,476.115478515625
2024-06-28,473.6440124511719
2024-07-01,476.42193603515625
2024-07-02,481.4242858886719
2024-07-03,485.43792724609375
2024-07-05,490.49957275390625
2024-07-08,491.666015625
2024-07-09,492.09112548828125
2024-07-10,497.22186279296875
2024-07-11,486.3177185058594
2024-07-12,489.1748046875
2024-07-15,490.4895935058594
2024-07-16,490.6773986816406
2024-07-17,476.273681640625
2024-07-18,474.0196533203125
2024-07-19,469.8181457519531
2024-07-22,476.8173828125
2024-07-23,475.13677978515625
2024-07-24,458.09344482421875
2024-07-25,453.0417785644531
2024-07-26,457.68817138671875
2024-07-29,458.6075134277344
2024-07-30,452.3101806640625
2024-07-31,465.6957092285156
2024-08-01,454.4159240722656
2024-08-02,443.63037109375
2024-08-05,430.4029846191406
2024-08-06,434.515625
2024-08-07,429.80987548828125
2024-08-08,442.9581604003906
2024-08-09,445.27142333984375
2024-08-12,446.23040771484375
2024-08-13,457.3026123046875
2024-08-14,457.4508972167969
2024-08-15,469.0075378417969
2024-08-16,469.610595703125
2024-08-19,475.77935791015625
2024-08-20,474.7809143066406
2024-08-21,476.99530029296875
2024-08-22,469.4326171875
2024-08-23,474.52386474609375
2024-08-26,469.9170227050781
2024-08-27,471.32086181640625
2024-08-28,465.9725341796875
2024-08-29,465.2903747558594
2024-08-30,470.83636474609375
2024-09-03,456.5413818359375
2024-09-04,455.3550720214844
2024-09-05,455.7801818847656
2024-09-06,443.571044921875
2024-09-09,449.2752380371094
2024-09-10,453.4273376464844
2024-09-11,463.273681640625
2024-09-12,467.8211975097656
2024-09-13,469.9170227050781
2024-09-16,467.8409729003906
2024-09-17,468.0881042480469
2024-09-18,466.0615539550781
2024-09-19,477.8454895019531
2024-09-20,476.9360046386719
2024-09-23,478.2002258300781
2024-09-24,480.5069274902344
2024-09-25,480.952392578125
2024-09-26,484.5657958984375
2024-09-27,481.873046875
2024-09-30,483.1798400878906
2024-10-01,476.4479675292969
2024-10-02,477.12115478515625
2024-10-03,476.76470947265625
2024-10-04,482.4373779296875
2024-10-07,477.26971435546875
2024-10-08,484.39752197265625
2024-10-09,488.2089538574219
2024-10-10,487.654541015625
2024-10-11,488.41680908203125
2024-10-14,492.515380859375
2024-10-15,485.9320068359375
2024-10-16,485.9914245605469
2024-10-17,486.3279724121094
2024-10-18,489.5157470703125
2024-10-21,490.45623779296875
2024-10-22,490.9907531738281
2024-10-23,483.4668884277344
2024-10-24,487.3872375488281
2024-10-25,490.357177734375
2024-10-28,490.4364013671875
2024-10-29,495.1487121582031
2024-10-30,491.4065856933594
2024-10-31,479.00213623046875
2024-11-01,482.5462951660156
2024-11-04,481.1404724121094
2024-11-05,487.2783508300781
2024-11-06,500.514404296875
2024-11-07,508.3946228027344
2024-11-08,508.9886474609375
2024-11-11,508.69158935546875
2024-11-12,507.7709045410156
2024-11-13,507.1175537109375
2024-11-14,503.5932312011719
2024-11-15,491.5946960449219
2024-11-18,495.01007080078125
2024-11-19,498.41558837890625
2024-11-20,498.1285400390625
2024-11-21,499.92041015625
2024-11-22,500.7222900390625
2024-11-25,501.5142517089844
2024-11-26,504.2070007324219
2024-11-27,500.2371826171875
2024-11-29,504.6326904296875
2024-12-02,510.1270446777344
2024-12-03,511.6913146972656
2024-12-04,518.0172729492188
2024-12-05,516.5817260742188
2024-12-06,521.2049560546875
2024-12-09,517.14599609375
2024-12-10,515.3838500976562
2024-12-11,524.6105346679688
2024-12-12,521.224853515625
2024-12-13,525.21435546875
2024-12-16,532.77783203125
2024-12-17,530.4315185546875
2024-12-18,511.2952880859375
2024-12-19,509.018310546875
2024-12-20,513.4633178710938
2024-12-23,518.4658203125
2024-12-24,525.49609375
2024-12-26,525.13916015625
2024-12-27,518.1585083007812
2024-12-30,511.2669982910156
2024-12-31,506.9239196777344
2025-01-02,505.93231201171875
2025-01-03,514.2119140625
2025-01-06,520.1217651367188
2025-01-07,510.84063720703125
2025-01-08,510.929931640625
2025-01-10,502.9179382324219
2025-01-13,501.3016357421875
2025-01-14,500.82568359375
2025-01-15,512.3478393554688
2025-01-16,508.7583312988281
2025-01-17,517.3453979492188
2025-01-21,520.379638671875
2025-01-22,527.0330810546875
2025-01-23,528.1535034179688
2025-01-24,525.1688842773438
2025-01-27,509.8787841796875
2025-01-28,517.4147338867188
2025-01-29,516.4430541992188
2025-01-30,518.6443481445312
2025-01-31,517.8906860351562
2025-02-03,513.7459716796875
2025-02-04,520.0523071289062
2025-02-05,522.412353515625
2025-02-06,525.13916015625
2025-02-07,518.515380859375
2025-02-10,524.7919921875
2025-02-11,523.542724609375
2025-02-12,523.8500366210938
2025-02-13,531.3861083984375
2025-02-14,533.6171875
2025-02-18,534.8267211914062
2025-02-19,534.9756469726562
2025-02-20,532.704833984375
2025-02-21,521.6487426757812
2025-02-24,515.4911499023438
2025-02-25,508.99627685546875
2025-02-26,510.225830078125
2025-02-27,496.05621337890625
2025-02-28,503.8896484375
2025-03-03,492.86328125
2025-03-04,491.37591552734375
2025-03-05,497.78155517578125
2025-03-06,484.0878601074219
2025-03-07,487.6476135253906
2025-03-10,468.7481994628906
2025-03-11,467.6277160644531
2025-03-12,472.90289306640625
2025-03-13,464.3951110839844
2025-03-14,475.61981201171875
2025-03-17,478.70355224609375
2025-03-18,470.54290771484375
2025-03-19,476.83941650390625
2025-03-20,475.2231750488281
2025-03-21,476.7898864746094
2025-03-24,487.2527160644531
2025-03-25,490.0332336425781
2025-03-26,481.0163269042969
2025-03-27,478.2754821777344
2025-03-28,465.68353271484375
2025-03-31,465.6636657714844
2025-04-01,469.4174499511719
2025-04-02,472.84344482421875
2025-04-03,447.53045654296875
2025-04-04,419.7348327636719
2025-04-07,420.7477722167969
2025-04-08,413.1707458496094
2025-04-09,462.7639465332031
2025-04-10,443.0815734863281
2025-04-11,451.2445068359375
2025-04-14,454.3031005859375
2025-04-15,454.80950927734375
2025-04-16,441.095458984375
2025-04-17,441.0160217285156
2025-04-21,430.102294921875
2025-04-22,441.3934020996094
2025-04-23,451.4033508300781
2025-04-24,464.1045837402344
2025-04-25,469.2784118652344
2025-04-28,469.12945556640625
2025-04-29,472.2278137207031
2025-04-30,472.1681823730469
2025-05-01,478.3350524902344
2025-05-02,485.4353942871094
2025-05-05,482.5555419921875
2025-05-06,478.06689453125
2025-05-07,479.9437561035156
2025-05-08,484.899169921875
2025-05-09,484.5813293457031
2025-05-12,504.3233337402344
2025-05-13,512.0095825195312
2025-05-14,515.0780639648438
2025-05-15,515.6441040039062
2025-05-16,517.8884887695312
2025-05-19,518.3848876953125
2025-05-20,516.6570434570312
2025-05-21,509.4772644042969
2025-05-22,510.4306335449219
2025-05-23,505.7036437988281
2025-05-27,517.6004638671875
2025-05-28,515.306396484375
2025-05-29,516.3193969726562
2025-05-30,515.5050659179688
2025-06-02,519.57666015625
2025-06-03,523.63818359375
2025-06-04,525.0980224609375
2025-06-05,521.1456909179688
2025-06-06,526.2400512695312
2025-06-09,527.0145874023438
2025-06-10,530.500244140625
2025-06-11,528.712646484375
2025-06-12,529.9540405273438
2025-06-13,523.3005981445312
2025-06-16,530.5797119140625
2025-06-17,525.4058837890625
2025-06-18,525.3165893554688
2025-06-20,523.1715087890625
2025-06-23,528.551025390625
2025-06-24,536.6336669921875
2025-06-25,538.0054931640625
2025-06-26,543.0360107421875
2025-06-27,544.8951416015625
2025-06-30,548.4244995117188
2025-07-01,543.801513671875
2025-07-02,547.5892944335938
2025-07-03,552.9776611328125
2025-07-07,548.812255859375
2025-07-08,549.1204223632812
2025-07-09,553.0076904296875
2025-07-10,552.2122802734375
2025-07-11,550.9696044921875
2025-07-14,552.9677734375
2025-07-15,553.474853515625
2025-07-16,554.04150390625
2025-07-17,558.5252075195312
2025-07-18,557.9884033203125
2025-07-21,560.88134765625
2025-07-22,557.978515625
2025-07-23,560.5234985351562
2025-07-24,561.7166137695312
2025-07-25,563.0686645507812
2025-07-28,564.8282470703125
2025-07-29,563.953369140625
2025-07-30,564.708984375
2025-07-31,561.7166137695312
2025-08-01,550.6514282226562
2025-08-04,560.811767578125
2025-08-05,557.0040893554688
2025-08-06,564.0130615234375
2025-08-07,565.921875
2025-08-08,571.200927734375
2025-08-11,569.5108032226562
2025-08-12,576.6689453125
2025-08-13,576.9572143554688
2025-08-14,576.509765625
2025-08-15,573.9746704101562
2025-08-18,573.7459106445312
2025-08-19,565.961669921875
2025-08-20,562.6013793945312
2025-08-21,559.99658203125
2025-08-22,568.6359252929688
2025-08-25,566.99560546875
2025-08-26,569.272216796875
2025-08-27,570.1470336914062
2025-08-28,573.7161865234375
2025-08-29,567.0750732421875
2025-09-02,562.3229370117188
2025-09-03,566.7470703125
2025-09-04,571.876953125
2025-09-05,572.7020874023438
2025-09-08,575.4957275390625
2025-09-09,577.1261596679688
2025-09-10,577.3150634765625
2025-09-11,580.6753540039062
2025-09-12,583.2402954101562
2025-09-15,588.2310180664062
2025-09-16,587.7339477539062
2025-09-17,586.5608520507812
2025-09-18,591.849853515625
2025-09-19,595.8562622070312
2025-09-22,599.3837890625
2025-09-23,595.4025268554688
2025-09-24,593.3123168945312
2025-09-25,590.75439453125
2025-09-26,593.1829223632812
2025-09-29,595.9300537109375
2025-09-30,597.5623168945312
2025-10-01,600.4288330078125
2025-10-02,602.8972778320312
2025-10-03,600.3591918945312
2025-10-06,604.8680419921875
2025-10-07,601.6830444335938
2025-10-08,608.58056640625
2025-10-09,607.8440551757812
2025-10-10,586.7432250976562
2025-10-13,599.1947021484375
2025-10-14,595.2034301757812
2025-10-15,599.4036865234375
2025-10-16,597.1841430664062
2025-10-17,601.1056518554688
2025-10-20,608.6800537109375
2025-10-21,608.5208740234375
2025-10-22,602.6583862304688
2025-10-23,607.724609375
2025-10-24,614.2140502929688
2025-10-27,625.1527709960938
2025-10-28,629.9601440429688
2025-10-29,632.7967529296875
2025-10-30,623.1222534179688
2025-10-31,626.1281127929688
2025-11-03,629.1240844726562
2025-11-04,616.3540649414062
2025-11-05,620.365234375
2025-11-06,608.8095092773438
2025-11-07,606.8884887695312
2025-11-10,620.3154296875
2025-11-11,618.6632080078125
2025-11-12,618.1754760742188
2025-11-13,605.5548095703125
2025-11-14,606.0125122070312
2025-11-17,600.8369140625
2025-11-18,593.5213012695312
2025-11-19,597.064697265625
2025-11-20,582.9310913085938
2025-11-21,587.310546875
2025-11-24,602.3299560546875
2025-11-25,606.0425415039062
2025-11-26,611.3973388671875
2025-11-28,616.3540649414062
2025-12-01,614.2838134765625
2025-12-02,619.0911865234375
2025-12-03,620.6041259765625
2025-12-04,620.0267944335938
2025-12-05,622.554931640625
2025-12-08,621.3605346679688
2025-12-09,622.126953125
2025-12-10,624.6749267578125
2025-12-11,622.654541015625
2025-12-12,610.7503662109375
2025-12-15,607.6847534179688
2025-12-16,608.8890991210938
2025-12-17,597.60205078125
2025-12-18,606.2614135742188
2025-12-19,614.164306640625
2025-12-22,617.1082763671875
2025-12-23,619.9984741210938
2025-12-24,621.812255859375
2025-12-26,621.7723999023438
2025-12-29,618.7626342773438
2025-12-30,617.3275146484375
2025-12-31,612.2249145507812
2026-01-02,611.0390014648438
2026-01-05,615.8923950195312
2026-01-06,621.3040161132812
2026-01-07,621.9019775390625
2026-01-08,618.364013671875
2026-01-09,624.5230102539062
2026-01-12,625.041259765625
2026-01-13,624.1144409179688
2026-01-14,617.4470825195312
2026-01-15,619.6695556640625
2026-01-16,619.1513061523438
2026-01-20,605.9961547851562
2026-01-21,614.1882934570312
2026-01-22,618.6530151367188
2026-01-23,620.6063232421875
2026-01-26,623.337158203125
2026-01-27,628.9878540039062
2026-01-28,631.0706787109375
2026-01-29,627.2935791015625
2026-01-30,619.7592163085938
2026-02-02,624.0148315429688
2026-02-03,614.427490234375
2026-02-04,603.6939086914062
2026-02-05,595.0036010742188
2026-02-06,607.5807495117188
2026-02-09,612.23486328125
2026-02-10,609.39453125
2026-02-11,611.0289916992188
2026-02-12,598.6013793945312
2026-02-13,599.876953125
2026-02-17,599.259033203125
2026-02-18,603.73388671875
2026-02-19,601.421630859375
2026-02-20,606.7435302734375
2026-02-23,599.36865234375
2026-02-24,605.8067626953125
2026-02-25,614.5868530273438
2026-02-26,607.1721801757812
2026-02-27,605.228759765625
2026-03-02,606.0260620117188
2026-03-03,599.5381469726562
2026-03-04,608.6769409179688
2026-03-05,606.84326171875
2026-03-06,597.71435546875
2026-03-09,605.6971435546875
2026-03-10,605.7071533203125
2026-03-11,605.6273193359375
2026-03-12,595.2327880859375
2026-03-13,591.7047729492188
2026-03-16,598.3422241210938
2026-03-17,601.2622680664062
2026-03-18,592.880859375
2026-03-19,591.0071411132812
2026-03-20,580.0843505859375
2026-03-23,586.7431640625
2026-03-24,582.731689453125
2026-03-25,586.5635375976562
2026-03-26,572.5634765625
2026-03-27,561.3775024414062
2026-03-30,557.086669921875
2026-03-31,575.9462280273438
2026-04-01,583.06103515625
2026-04-02,583.7295532226562
2026-04-06,587.2420654296875
2026-04-07,587.3319091796875
2026-04-08,604.7944946289062
2026-04-09,608.8857421875
2026-04-10,609.7638549804688
2026-04-13,616.0703125
2026-04-14,627.2562866210938
2026-04-15,636.0375366210938
2026-04-16,639.1009521484375
2026-04-17,647.4630126953125
2026-04-20,645.4074096679688
2026-04-21,642.9526977539062
2026-04-22,653.709716796875
2026-04-23,650.0275268554688
2026-04-24,662.4609375
2026-04-27,662.8101806640625
2026-04-28,656.1444702148438
2026-04-29,660.1558837890625
2026-04-30,666.3126220703125
2026-05-01,672.708984375
2026-05-04,671.4417114257812
2026-05-05,680.1530151367188
2026-05-06,694.2827758789062
2026-05-07,693.4545288085938
2026-05-08,709.709716796875
2026-05-11,711.7652587890625
2026-05-12,705.7282104492188
2026-05-13,713.1823120117188
2026-05-14,718.2514038085938
2026-05-15,707.4146728515625
2026-05-18,704.3711547851562
2026-05-19,700.030517578125
2026-05-20,711.6256713867188
2026-05-21,712.9827270507812
2026-05-22,716.0062255859375
2026-05-26,728.7190551757812
2026-05-27,727.8908081054688
2026-05-28,734.027587890625
2026-05-29,736.7318115234375
2026-06-01,741.1524047851562
2026-06-02,744.5650024414062
2026-06-03,742.6192626953125
2026-06-04,739.0269165039062
2026-06-05,703.5529174804688
2026-06-08,714.5393676757812
2026-06-09,706.3169555664062
2026-06-10,692.2072143554688
2026-06-11,715.5870971679688
2026-06-12,719.798095703125
2026-06-15,742.40966796875
2026-06-16,728.2998657226562
2026-06-17,720.965576171875
2026-06-18,739.0369262695312
2026-06-22,737.1818237304688
2026-06-23,712.9071655273438
2026-06-24,709.8803100585938
2026-06-25,715.63427734375
2026-06-26,705.7846069335938
2026-06-29,723.3262939453125
2026-06-30,735.6334838867188
2026-07-01,724.4151000976562
2026-07-02,711.8582153320312
2026-07-06,722.067626953125
2026-07-07,708.6915283203125
2026-07-08,710.699462890625
2026-07-09,722.5271606445312
2026-07-10,724.7548217773438
2026-07-13,710.9990844726562
2026-07-14,718.9408569335938
2026-07-15,716.9928588867188
2026-07-16,705.2051391601562
2026-07-17,694.606201171875
2026-07-20,695.33544921875
2026-07-21,708.2319946289062
2026-07-22,704.61572265625
2026-07-23,691.23974609375
2026-07-24,683.5177612304688
2026-07-27,681.4099731445312
2026-07-28,674.786865234375
2026-07-29,661.0411376953125
2026-07-30,682.8384399414062
2026-07-31,687.2738647460938
2026-08-03,699.34130859375
2026-08-04,723.0964965820312
2026-08-05,716.5533447265625
2026-08-06,713.9061279296875
2026-08-07,722.2774047851562
2026-08-10,720.11962890625
2026-08-11,717.7021484375
2026-08-12,722.9467163085938
2026-08-13,731.3079833984375
2026-08-14,730.3090209960938
2026-08-17,729.1102294921875
2026-08-18,716.7631225585938
2026-08-19,715.3345947265625
2026-08-20,710.18994140625
2026-08-21,712.6973876953125
2026-08-24,705.5847778320312
2026-08-25,709.9801635742188
2026-08-26,710.6295166015625
2026-08-27,720.359375
2026-08-28,715.6842651367188
2026-08-31,716.013916015625
2026-09-01,706.9033813476562
2026-09-02,708.501708984375
2026-09-03,716.9229125976562
2026-09-04,718.2116088867188
2026-09-08,717.6122436523438
2026-09-09,715.5643920898438
2026-09-10,707.9523315429688
2026-09-11,714.1358642578125
2026-09-14,708.4417724609375
2026-09-15,703.8065795898438
2026-09-16,703.9863891601562
2026-09-17,716.1737060546875
2026-09-18,720.6990356445312
2026-09-21,741.469970703125
2026-09-22,747.4600219726562
2026-09-23,741.2100219726562
2026-09-24,741.0999755859375
2026-09-25,744.5
